Year,Géographie,Groupe d'âge,Sexe,GeoCode,Value
2015,,,,,72.0
2016,,,,,70.4
2017,,,,,69.9
2018,,,,,68.2
2019,,,,,66.6
2020,,,,,64.7
2021,,,,,58.7
2022,,,,,54.8
2023,,,,,53.8
2015,Canada,"Total, 18 ans et plus",Hommes,,74.0
2015,Canada,"Total, 18 ans et plus",Femmes,,70.1
2015,Canada,18 à 34 ans,Les deux sexes,,72.5
2015,Canada,18 à 34 ans,Hommes,,75.3
2015,Canada,18 à 34 ans,Femmes,,69.6
2015,Canada,35 à 49 ans,Les deux sexes,,72.4
2015,Canada,35 à 49 ans,Hommes,,74.3
2015,Canada,35 à 49 ans,Femmes,,70.6
2015,Canada,50 à 64 ans,Les deux sexes,,72.0
2015,Canada,50 à 64 ans,Hommes,,73.6
2015,Canada,50 à 64 ans,Femmes,,70.5
2015,Canada,65 ans et plus,Les deux sexes,,70.5
2015,Canada,65 ans et plus,Hommes,,71.9
2015,Canada,65 ans et plus,Femmes,,69.4
2015,Terre-Neuve-et-Labrador,"Total, 18 ans et plus",Les deux sexes,10,70.8
2015,Terre-Neuve-et-Labrador,"Total, 18 ans et plus",Hommes,10,72.4
2015,Terre-Neuve-et-Labrador,"Total, 18 ans et plus",Femmes,10,69.2
2015,Terre-Neuve-et-Labrador,18 à 34 ans,Les deux sexes,10,66.7
2015,Terre-Neuve-et-Labrador,18 à 34 ans,Hommes,10,69.4
2015,Terre-Neuve-et-Labrador,18 à 34 ans,Femmes,10,64.1
2015,Terre-Neuve-et-Labrador,35 à 49 ans,Les deux sexes,10,72.8
2015,Terre-Neuve-et-Labrador,35 à 49 ans,Hommes,10,76.9
2015,Terre-Neuve-et-Labrador,35 à 49 ans,Femmes,10,69.1
2015,Terre-Neuve-et-Labrador,50 à 64 ans,Les deux sexes,10,73.7
2015,Terre-Neuve-et-Labrador,50 à 64 ans,Hommes,10,72.0
2015,Terre-Neuve-et-Labrador,50 à 64 ans,Femmes,10,75.4
2015,Terre-Neuve-et-Labrador,65 ans et plus,Les deux sexes,10,68.7
2015,Terre-Neuve-et-Labrador,65 ans et plus,Hommes,10,71.0
2015,Terre-Neuve-et-Labrador,65 ans et plus,Femmes,10,66.7
2015,Île-du-Prince-Édouard,"Total, 18 ans et plus",Les deux sexes,11,74.4
2015,Île-du-Prince-Édouard,"Total, 18 ans et plus",Hommes,11,75.2
2015,Île-du-Prince-Édouard,"Total, 18 ans et plus",Femmes,11,73.6
2015,Île-du-Prince-Édouard,18 à 34 ans,Les deux sexes,11,78.2
2015,Île-du-Prince-Édouard,18 à 34 ans,Hommes,11,79.1
2015,Île-du-Prince-Édouard,18 à 34 ans,Femmes,11,77.4
2015,Île-du-Prince-Édouard,35 à 49 ans,Les deux sexes,11,70.6
2015,Île-du-Prince-Édouard,35 à 49 ans,Hommes,11,72.5
2015,Île-du-Prince-Édouard,35 à 49 ans,Femmes,11,68.7
2015,Île-du-Prince-Édouard,50 à 64 ans,Les deux sexes,11,74.4
2015,Île-du-Prince-Édouard,50 à 64 ans,Hommes,11,68.8
2015,Île-du-Prince-Édouard,50 à 64 ans,Femmes,11,79.8
2015,Île-du-Prince-Édouard,65 ans et plus,Les deux sexes,11,74.2
2015,Île-du-Prince-Édouard,65 ans et plus,Hommes,11,83.0
2015,Île-du-Prince-Édouard,65 ans et plus,Femmes,11,67.0
2015,Nouvelle-Écosse,"Total, 18 ans et plus",Les deux sexes,12,68.2
2015,Nouvelle-Écosse,"Total, 18 ans et plus",Hommes,12,69.0
2015,Nouvelle-Écosse,"Total, 18 ans et plus",Femmes,12,67.5
2015,Nouvelle-Écosse,18 à 34 ans,Les deux sexes,12,65.0
2015,Nouvelle-Écosse,18 à 34 ans,Hommes,12,64.6
2015,Nouvelle-Écosse,18 à 34 ans,Femmes,12,65.3
2015,Nouvelle-Écosse,35 à 49 ans,Les deux sexes,12,68.6
2015,Nouvelle-Écosse,35 à 49 ans,Hommes,12,71.0
2015,Nouvelle-Écosse,35 à 49 ans,Femmes,12,66.4
2015,Nouvelle-Écosse,50 à 64 ans,Les deux sexes,12,69.2
2015,Nouvelle-Écosse,50 à 64 ans,Hommes,12,71.1
2015,Nouvelle-Écosse,50 à 64 ans,Femmes,12,67.4
2015,Nouvelle-Écosse,65 ans et plus,Les deux sexes,12,70.2
2015,Nouvelle-Écosse,65 ans et plus,Hommes,12,69.3
2015,Nouvelle-Écosse,65 ans et plus,Femmes,12,70.9
2015,Nouveau-Brunswick,"Total, 18 ans et plus",Les deux sexes,13,63.9
2015,Nouveau-Brunswick,"Total, 18 ans et plus",Hommes,13,65.3
2015,Nouveau-Brunswick,"Total, 18 ans et plus",Femmes,13,62.7
2015,Nouveau-Brunswick,18 à 34 ans,Les deux sexes,13,72.0
2015,Nouveau-Brunswick,18 à 34 ans,Hommes,13,74.4
2015,Nouveau-Brunswick,18 à 34 ans,Femmes,13,69.5
2015,Nouveau-Brunswick,35 à 49 ans,Les deux sexes,13,70.9
2015,Nouveau-Brunswick,35 à 49 ans,Hommes,13,69.6
2015,Nouveau-Brunswick,35 à 49 ans,Femmes,13,72.0
2015,Nouveau-Brunswick,50 à 64 ans,Les deux sexes,13,54.0
2015,Nouveau-Brunswick,50 à 64 ans,Hommes,13,54.7
2015,Nouveau-Brunswick,50 à 64 ans,Femmes,13,53.3
2015,Nouveau-Brunswick,65 ans et plus,Les deux sexes,13,60.9
2015,Nouveau-Brunswick,65 ans et plus,Hommes,13,64.8
2015,Nouveau-Brunswick,65 ans et plus,Femmes,13,57.9
2015,Québec,"Total, 18 ans et plus",Les deux sexes,24,75.0
2015,Québec,"Total, 18 ans et plus",Hommes,24,77.4
2015,Québec,"Total, 18 ans et plus",Femmes,24,72.6
2015,Québec,18 à 34 ans,Les deux sexes,24,75.3
2015,Québec,18 à 34 ans,Hommes,24,78.4
2015,Québec,18 à 34 ans,Femmes,24,72.2
2015,Québec,35 à 49 ans,Les deux sexes,24,73.1
2015,Québec,35 à 49 ans,Hommes,24,75.4
2015,Québec,35 à 49 ans,Femmes,24,70.7
2015,Québec,50 à 64 ans,Les deux sexes,24,75.6
2015,Québec,50 à 64 ans,Hommes,24,78.1
2015,Québec,50 à 64 ans,Femmes,24,73.0
2015,Québec,65 ans et plus,Les deux sexes,24,76.1
2015,Québec,65 ans et plus,Hommes,24,77.8
2015,Québec,65 ans et plus,Femmes,24,74.6
2015,Ontario,"Total, 18 ans et plus",Les deux sexes,35,72.0
2015,Ontario,"Total, 18 ans et plus",Hommes,35,73.5
2015,Ontario,"Total, 18 ans et plus",Femmes,35,70.5
2015,Ontario,18 à 34 ans,Les deux sexes,35,72.6
2015,Ontario,18 à 34 ans,Hommes,35,74.7
2015,Ontario,18 à 34 ans,Femmes,35,70.6
2015,Ontario,35 à 49 ans,Les deux sexes,35,74.0
2015,Ontario,35 à 49 ans,Hommes,35,75.6
2015,Ontario,35 à 49 ans,Femmes,35,72.5
2015,Ontario,50 à 64 ans,Les deux sexes,35,70.1
2015,Ontario,50 à 64 ans,Hommes,35,71.8
2015,Ontario,50 à 64 ans,Femmes,35,68.4
2015,Ontario,65 ans et plus,Les deux sexes,35,70.7
2015,Ontario,65 ans et plus,Hommes,35,70.5
2015,Ontario,65 ans et plus,Femmes,35,70.8
2015,Manitoba,"Total, 18 ans et plus",Les deux sexes,46,70.6
2015,Manitoba,"Total, 18 ans et plus",Hommes,46,74.2
2015,Manitoba,"Total, 18 ans et plus",Femmes,46,67.0
2015,Manitoba,18 à 34 ans,Les deux sexes,46,71.0
2015,Manitoba,18 à 34 ans,Hommes,46,72.2
2015,Manitoba,18 à 34 ans,Femmes,46,69.8
2015,Manitoba,35 à 49 ans,Les deux sexes,46,71.5
2015,Manitoba,35 à 49 ans,Hommes,46,73.3
2015,Manitoba,35 à 49 ans,Femmes,46,69.8
2015,Manitoba,50 à 64 ans,Les deux sexes,46,74.9
2015,Manitoba,50 à 64 ans,Hommes,46,78.3
2015,Manitoba,50 à 64 ans,Femmes,46,71.5
2015,Manitoba,65 ans et plus,Les deux sexes,46,62.2
2015,Manitoba,65 ans et plus,Hommes,46,72.8
2015,Manitoba,65 ans et plus,Femmes,46,53.9
2015,Saskatchewan,"Total, 18 ans et plus",Les deux sexes,47,69.1
2015,Saskatchewan,"Total, 18 ans et plus",Hommes,47,72.9
2015,Saskatchewan,"Total, 18 ans et plus",Femmes,47,65.4
2015,Saskatchewan,18 à 34 ans,Les deux sexes,47,75.2
2015,Saskatchewan,18 à 34 ans,Hommes,47,79.5
2015,Saskatchewan,18 à 34 ans,Femmes,47,70.8
2015,Saskatchewan,35 à 49 ans,Les deux sexes,47,68.0
2015,Saskatchewan,35 à 49 ans,Hommes,47,70.3
2015,Saskatchewan,35 à 49 ans,Femmes,47,65.6
2015,Saskatchewan,50 à 64 ans,Les deux sexes,47,70.1
2015,Saskatchewan,50 à 64 ans,Hommes,47,73.0
2015,Saskatchewan,50 à 64 ans,Femmes,47,67.1
2015,Saskatchewan,65 ans et plus,Les deux sexes,47,58.2
2015,Saskatchewan,65 ans et plus,Hommes,47,62.8
2015,Saskatchewan,65 ans et plus,Femmes,47,54.5
2015,Alberta,"Total, 18 ans et plus",Les deux sexes,48,74.3
2015,Alberta,"Total, 18 ans et plus",Hommes,48,75.1
2015,Alberta,"Total, 18 ans et plus",Femmes,48,73.5
2015,Alberta,18 à 34 ans,Les deux sexes,48,72.9
2015,Alberta,18 à 34 ans,Hommes,48,77.4
2015,Alberta,18 à 34 ans,Femmes,48,68.2
2015,Alberta,35 à 49 ans,Les deux sexes,48,73.5
2015,Alberta,35 à 49 ans,Hommes,48,71.4
2015,Alberta,35 à 49 ans,Femmes,48,75.8
2015,Alberta,50 à 64 ans,Les deux sexes,48,77.9
2015,Alberta,50 à 64 ans,Hommes,48,75.6
2015,Alberta,50 à 64 ans,Femmes,48,80.3
2015,Alberta,65 ans et plus,Les deux sexes,48,72.8
2015,Alberta,65 ans et plus,Hommes,48,75.8
2015,Alberta,65 ans et plus,Femmes,48,70.3
2015,Colombie-Britannique,"Total, 18 ans et plus",Les deux sexes,59,67.8
2015,Colombie-Britannique,"Total, 18 ans et plus",Hommes,59,71.0
2015,Colombie-Britannique,"Total, 18 ans et plus",Femmes,59,64.8
2015,Colombie-Britannique,18 à 34 ans,Les deux sexes,59,68.4
2015,Colombie-Britannique,18 à 34 ans,Hommes,59,72.1
2015,Colombie-Britannique,18 à 34 ans,Femmes,59,64.6
2015,Colombie-Britannique,35 à 49 ans,Les deux sexes,59,67.4
2015,Colombie-Britannique,35 à 49 ans,Hommes,59,73.1
2015,Colombie-Britannique,35 à 49 ans,Femmes,59,62.1
2015,Colombie-Britannique,50 à 64 ans,Les deux sexes,59,69.6
2015,Colombie-Britannique,50 à 64 ans,Hommes,59,71.5
2015,Colombie-Britannique,50 à 64 ans,Femmes,59,67.6
2015,Colombie-Britannique,65 ans et plus,Les deux sexes,59,64.9
2015,Colombie-Britannique,65 ans et plus,Hommes,59,65.4
2015,Colombie-Britannique,65 ans et plus,Femmes,59,64.4
2016,Canada,"Total, 18 ans et plus",Hommes,,72.4
2016,Canada,"Total, 18 ans et plus",Femmes,,68.4
2016,Canada,18 à 34 ans,Les deux sexes,,69.8
2016,Canada,18 à 34 ans,Hommes,,72.3
2016,Canada,18 à 34 ans,Femmes,,67.1
2016,Canada,35 à 49 ans,Les deux sexes,,71.1
2016,Canada,35 à 49 ans,Hommes,,74.5
2016,Canada,35 à 49 ans,Femmes,,67.8
2016,Canada,50 à 64 ans,Les deux sexes,,70.4
2016,Canada,50 à 64 ans,Hommes,,71.4
2016,Canada,50 à 64 ans,Femmes,,69.5
2016,Canada,65 ans et plus,Les deux sexes,,70.3
2016,Canada,65 ans et plus,Hommes,,71.2
2016,Canada,65 ans et plus,Femmes,,69.5
2016,Terre-Neuve-et-Labrador,"Total, 18 ans et plus",Les deux sexes,10,70.2
2016,Terre-Neuve-et-Labrador,"Total, 18 ans et plus",Hommes,10,70.3
2016,Terre-Neuve-et-Labrador,"Total, 18 ans et plus",Femmes,10,70.2
2016,Terre-Neuve-et-Labrador,18 à 34 ans,Les deux sexes,10,69.5
2016,Terre-Neuve-et-Labrador,18 à 34 ans,Hommes,10,78.4
2016,Terre-Neuve-et-Labrador,18 à 34 ans,Femmes,10,60.4
2016,Terre-Neuve-et-Labrador,35 à 49 ans,Les deux sexes,10,69.7
2016,Terre-Neuve-et-Labrador,35 à 49 ans,Hommes,10,65.9
2016,Terre-Neuve-et-Labrador,35 à 49 ans,Femmes,10,73.3
2016,Terre-Neuve-et-Labrador,50 à 64 ans,Les deux sexes,10,73.3
2016,Terre-Neuve-et-Labrador,50 à 64 ans,Hommes,10,71.6
2016,Terre-Neuve-et-Labrador,50 à 64 ans,Femmes,10,74.9
2016,Terre-Neuve-et-Labrador,65 ans et plus,Les deux sexes,10,67.4
2016,Terre-Neuve-et-Labrador,65 ans et plus,Hommes,10,63.7
2016,Terre-Neuve-et-Labrador,65 ans et plus,Femmes,10,70.5
2016,Île-du-Prince-Édouard,"Total, 18 ans et plus",Les deux sexes,11,70.7
2016,Île-du-Prince-Édouard,"Total, 18 ans et plus",Hommes,11,69.6
2016,Île-du-Prince-Édouard,"Total, 18 ans et plus",Femmes,11,71.7
2016,Île-du-Prince-Édouard,18 à 34 ans,Les deux sexes,11,70.9
2016,Île-du-Prince-Édouard,18 à 34 ans,Hommes,11,77.8
2016,Île-du-Prince-Édouard,18 à 34 ans,Femmes,11,64.4
2016,Île-du-Prince-Édouard,35 à 49 ans,Les deux sexes,11,74.4
2016,Île-du-Prince-Édouard,35 à 49 ans,Hommes,11,70.8
2016,Île-du-Prince-Édouard,35 à 49 ans,Femmes,11,77.7
2016,Île-du-Prince-Édouard,50 à 64 ans,Les deux sexes,11,65.1
2016,Île-du-Prince-Édouard,50 à 64 ans,Hommes,11,62.3
2016,Île-du-Prince-Édouard,50 à 64 ans,Femmes,11,67.8
2016,Île-du-Prince-Édouard,65 ans et plus,Les deux sexes,11,73.8
2016,Île-du-Prince-Édouard,65 ans et plus,Hommes,11,68.5
2016,Île-du-Prince-Édouard,65 ans et plus,Femmes,11,78.0
2016,Nouvelle-Écosse,"Total, 18 ans et plus",Les deux sexes,12,66.3
2016,Nouvelle-Écosse,"Total, 18 ans et plus",Hommes,12,65.9
2016,Nouvelle-Écosse,"Total, 18 ans et plus",Femmes,12,66.6
2016,Nouvelle-Écosse,18 à 34 ans,Les deux sexes,12,63.2
2016,Nouvelle-Écosse,18 à 34 ans,Hommes,12,67.4
2016,Nouvelle-Écosse,18 à 34 ans,Femmes,12,58.9
2016,Nouvelle-Écosse,35 à 49 ans,Les deux sexes,12,70.6
2016,Nouvelle-Écosse,35 à 49 ans,Hommes,12,68.6
2016,Nouvelle-Écosse,35 à 49 ans,Femmes,12,72.5
2016,Nouvelle-Écosse,50 à 64 ans,Les deux sexes,12,64.7
2016,Nouvelle-Écosse,50 à 64 ans,Hommes,12,64.2
2016,Nouvelle-Écosse,50 à 64 ans,Femmes,12,65.2
2016,Nouvelle-Écosse,65 ans et plus,Les deux sexes,12,67.5
2016,Nouvelle-Écosse,65 ans et plus,Hommes,12,63.3
2016,Nouvelle-Écosse,65 ans et plus,Femmes,12,70.9
2016,Nouveau-Brunswick,"Total, 18 ans et plus",Les deux sexes,13,67.3
2016,Nouveau-Brunswick,"Total, 18 ans et plus",Hommes,13,68.3
2016,Nouveau-Brunswick,"Total, 18 ans et plus",Femmes,13,66.4
2016,Nouveau-Brunswick,18 à 34 ans,Les deux sexes,13,67.3
2016,Nouveau-Brunswick,18 à 34 ans,Hommes,13,73.1
2016,Nouveau-Brunswick,18 à 34 ans,Femmes,13,61.5
2016,Nouveau-Brunswick,35 à 49 ans,Les deux sexes,13,70.6
2016,Nouveau-Brunswick,35 à 49 ans,Hommes,13,70.4
2016,Nouveau-Brunswick,35 à 49 ans,Femmes,13,70.8
2016,Nouveau-Brunswick,50 à 64 ans,Les deux sexes,13,66.6
2016,Nouveau-Brunswick,50 à 64 ans,Hommes,13,68.3
2016,Nouveau-Brunswick,50 à 64 ans,Femmes,13,65.0
2016,Nouveau-Brunswick,65 ans et plus,Les deux sexes,13,64.7
2016,Nouveau-Brunswick,65 ans et plus,Hommes,13,59.7
2016,Nouveau-Brunswick,65 ans et plus,Femmes,13,68.5
2016,Québec,"Total, 18 ans et plus",Les deux sexes,24,72.8
2016,Québec,"Total, 18 ans et plus",Hommes,24,74.7
2016,Québec,"Total, 18 ans et plus",Femmes,24,70.9
2016,Québec,18 à 34 ans,Les deux sexes,24,73.3
2016,Québec,18 à 34 ans,Hommes,24,75.4
2016,Québec,18 à 34 ans,Femmes,24,71.2
2016,Québec,35 à 49 ans,Les deux sexes,24,68.7
2016,Québec,35 à 49 ans,Hommes,24,71.6
2016,Québec,35 à 49 ans,Femmes,24,65.7
2016,Québec,50 à 64 ans,Les deux sexes,24,73.9
2016,Québec,50 à 64 ans,Hommes,24,75.2
2016,Québec,50 à 64 ans,Femmes,24,72.5
2016,Québec,65 ans et plus,Les deux sexes,24,75.6
2016,Québec,65 ans et plus,Hommes,24,77.1
2016,Québec,65 ans et plus,Femmes,24,74.3
2016,Ontario,"Total, 18 ans et plus",Les deux sexes,35,69.4
2016,Ontario,"Total, 18 ans et plus",Hommes,35,72.1
2016,Ontario,"Total, 18 ans et plus",Femmes,35,66.9
2016,Ontario,18 à 34 ans,Les deux sexes,35,67.0
2016,Ontario,18 à 34 ans,Hommes,35,69.2
2016,Ontario,18 à 34 ans,Femmes,35,64.9
2016,Ontario,35 à 49 ans,Les deux sexes,35,72.1
2016,Ontario,35 à 49 ans,Hommes,35,76.6
2016,Ontario,35 à 49 ans,Femmes,35,67.9
2016,Ontario,50 à 64 ans,Les deux sexes,35,69.7
2016,Ontario,50 à 64 ans,Hommes,35,71.3
2016,Ontario,50 à 64 ans,Femmes,35,68.2
2016,Ontario,65 ans et plus,Les deux sexes,35,69.2
2016,Ontario,65 ans et plus,Hommes,35,71.8
2016,Ontario,65 ans et plus,Femmes,35,67.1
2016,Manitoba,"Total, 18 ans et plus",Les deux sexes,46,67.7
2016,Manitoba,"Total, 18 ans et plus",Hommes,46,68.1
2016,Manitoba,"Total, 18 ans et plus",Femmes,46,67.3
2016,Manitoba,18 à 34 ans,Les deux sexes,46,65.8
2016,Manitoba,18 à 34 ans,Hommes,46,68.1
2016,Manitoba,18 à 34 ans,Femmes,46,63.5
2016,Manitoba,35 à 49 ans,Les deux sexes,46,70.5
2016,Manitoba,35 à 49 ans,Hommes,46,71.1
2016,Manitoba,35 à 49 ans,Femmes,46,70.0
2016,Manitoba,50 à 64 ans,Les deux sexes,46,69.0
2016,Manitoba,50 à 64 ans,Hommes,46,69.3
2016,Manitoba,50 à 64 ans,Femmes,46,68.6
2016,Manitoba,65 ans et plus,Les deux sexes,46,65.0
2016,Manitoba,65 ans et plus,Hommes,46,61.3
2016,Manitoba,65 ans et plus,Femmes,46,68.0
2016,Saskatchewan,"Total, 18 ans et plus",Les deux sexes,47,70.4
2016,Saskatchewan,"Total, 18 ans et plus",Hommes,47,73.7
2016,Saskatchewan,"Total, 18 ans et plus",Femmes,47,67.1
2016,Saskatchewan,18 à 34 ans,Les deux sexes,47,74.9
2016,Saskatchewan,18 à 34 ans,Hommes,47,78.1
2016,Saskatchewan,18 à 34 ans,Femmes,47,71.5
2016,Saskatchewan,35 à 49 ans,Les deux sexes,47,68.5
2016,Saskatchewan,35 à 49 ans,Hommes,47,68.9
2016,Saskatchewan,35 à 49 ans,Femmes,47,68.0
2016,Saskatchewan,50 à 64 ans,Les deux sexes,47,69.2
2016,Saskatchewan,50 à 64 ans,Hommes,47,73.7
2016,Saskatchewan,50 à 64 ans,Femmes,47,64.6
2016,Saskatchewan,65 ans et plus,Les deux sexes,47,66.9
2016,Saskatchewan,65 ans et plus,Hommes,47,72.2
2016,Saskatchewan,65 ans et plus,Femmes,47,62.3
2016,Alberta,"Total, 18 ans et plus",Les deux sexes,48,72.2
2016,Alberta,"Total, 18 ans et plus",Hommes,48,75.0
2016,Alberta,"Total, 18 ans et plus",Femmes,48,69.3
2016,Alberta,18 à 34 ans,Les deux sexes,48,71.4
2016,Alberta,18 à 34 ans,Hommes,48,75.2
2016,Alberta,18 à 34 ans,Femmes,48,67.4
2016,Alberta,35 à 49 ans,Les deux sexes,48,74.6
2016,Alberta,35 à 49 ans,Hommes,48,78.9
2016,Alberta,35 à 49 ans,Femmes,48,70.0
2016,Alberta,50 à 64 ans,Les deux sexes,48,70.9
2016,Alberta,50 à 64 ans,Hommes,48,71.7
2016,Alberta,50 à 64 ans,Femmes,48,70.1
2016,Alberta,65 ans et plus,Les deux sexes,48,71.6
2016,Alberta,65 ans et plus,Hommes,48,72.2
2016,Alberta,65 ans et plus,Femmes,48,71.1
2016,Colombie-Britannique,"Total, 18 ans et plus",Les deux sexes,59,69.3
2016,Colombie-Britannique,"Total, 18 ans et plus",Hommes,59,70.2
2016,Colombie-Britannique,"Total, 18 ans et plus",Femmes,59,68.4
2016,Colombie-Britannique,18 à 34 ans,Les deux sexes,59,71.7
2016,Colombie-Britannique,18 à 34 ans,Hommes,59,73.5
2016,Colombie-Britannique,18 à 34 ans,Femmes,59,69.9
2016,Colombie-Britannique,35 à 49 ans,Les deux sexes,59,70.2
2016,Colombie-Britannique,35 à 49 ans,Hommes,59,74.5
2016,Colombie-Britannique,35 à 49 ans,Femmes,59,66.1
2016,Colombie-Britannique,50 à 64 ans,Les deux sexes,59,68.2
2016,Colombie-Britannique,50 à 64 ans,Hommes,59,66.4
2016,Colombie-Britannique,50 à 64 ans,Femmes,59,69.8
2016,Colombie-Britannique,65 ans et plus,Les deux sexes,59,66.3
2016,Colombie-Britannique,65 ans et plus,Hommes,59,64.9
2016,Colombie-Britannique,65 ans et plus,Femmes,59,67.5
2017,Canada,"Total, 18 ans et plus",Hommes,,72.2
2017,Canada,"Total, 18 ans et plus",Femmes,,67.7
2017,Canada,18 à 34 ans,Les deux sexes,,68.7
2017,Canada,18 à 34 ans,Hommes,,73.2
2017,Canada,18 à 34 ans,Femmes,,64.2
2017,Canada,35 à 49 ans,Les deux sexes,,69.9
2017,Canada,35 à 49 ans,Hommes,,71.5
2017,Canada,35 à 49 ans,Femmes,,68.2
2017,Canada,50 à 64 ans,Les deux sexes,,70.0
2017,Canada,50 à 64 ans,Hommes,,71.5
2017,Canada,50 à 64 ans,Femmes,,68.5
2017,Canada,65 ans et plus,Les deux sexes,,71.4
2017,Canada,65 ans et plus,Hommes,,72.3
2017,Canada,65 ans et plus,Femmes,,70.6
2017,Terre-Neuve-et-Labrador,"Total, 18 ans et plus",Les deux sexes,10,69.0
2017,Terre-Neuve-et-Labrador,"Total, 18 ans et plus",Hommes,10,70.5
2017,Terre-Neuve-et-Labrador,"Total, 18 ans et plus",Femmes,10,67.5
2017,Terre-Neuve-et-Labrador,18 à 34 ans,Les deux sexes,10,66.3
2017,Terre-Neuve-et-Labrador,18 à 34 ans,Hommes,10,72.8
2017,Terre-Neuve-et-Labrador,18 à 34 ans,Femmes,10,59.5
2017,Terre-Neuve-et-Labrador,35 à 49 ans,Les deux sexes,10,68.3
2017,Terre-Neuve-et-Labrador,35 à 49 ans,Hommes,10,71.2
2017,Terre-Neuve-et-Labrador,35 à 49 ans,Femmes,10,65.4
2017,Terre-Neuve-et-Labrador,50 à 64 ans,Les deux sexes,10,70.6
2017,Terre-Neuve-et-Labrador,50 à 64 ans,Hommes,10,70.0
2017,Terre-Neuve-et-Labrador,50 à 64 ans,Femmes,10,71.2
2017,Terre-Neuve-et-Labrador,65 ans et plus,Les deux sexes,10,70.3
2017,Terre-Neuve-et-Labrador,65 ans et plus,Hommes,10,67.8
2017,Terre-Neuve-et-Labrador,65 ans et plus,Femmes,10,72.4
2017,Île-du-Prince-Édouard,"Total, 18 ans et plus",Les deux sexes,11,68.9
2017,Île-du-Prince-Édouard,"Total, 18 ans et plus",Hommes,11,70.0
2017,Île-du-Prince-Édouard,"Total, 18 ans et plus",Femmes,11,67.9
2017,Île-du-Prince-Édouard,18 à 34 ans,Les deux sexes,11,62.3
2017,Île-du-Prince-Édouard,18 à 34 ans,Hommes,11,72.2
2017,Île-du-Prince-Édouard,18 à 34 ans,Femmes,11,52.8
2017,Île-du-Prince-Édouard,35 à 49 ans,Les deux sexes,11,72.8
2017,Île-du-Prince-Édouard,35 à 49 ans,Hommes,11,69.9
2017,Île-du-Prince-Édouard,35 à 49 ans,Femmes,11,75.5
2017,Île-du-Prince-Édouard,50 à 64 ans,Les deux sexes,11,64.7
2017,Île-du-Prince-Édouard,50 à 64 ans,Hommes,11,60.8
2017,Île-du-Prince-Édouard,50 à 64 ans,Femmes,11,68.3
2017,Île-du-Prince-Édouard,65 ans et plus,Les deux sexes,11,77.5
2017,Île-du-Prince-Édouard,65 ans et plus,Hommes,11,79.7
2017,Île-du-Prince-Édouard,65 ans et plus,Femmes,11,75.6
2017,Nouvelle-Écosse,"Total, 18 ans et plus",Les deux sexes,12,65.4
2017,Nouvelle-Écosse,"Total, 18 ans et plus",Hommes,12,66.4
2017,Nouvelle-Écosse,"Total, 18 ans et plus",Femmes,12,64.5
2017,Nouvelle-Écosse,18 à 34 ans,Les deux sexes,12,63.1
2017,Nouvelle-Écosse,18 à 34 ans,Hommes,12,72.0
2017,Nouvelle-Écosse,18 à 34 ans,Femmes,12,54.1
2017,Nouvelle-Écosse,35 à 49 ans,Les deux sexes,12,62.1
2017,Nouvelle-Écosse,35 à 49 ans,Hommes,12,60.3
2017,Nouvelle-Écosse,35 à 49 ans,Femmes,12,63.8
2017,Nouvelle-Écosse,50 à 64 ans,Les deux sexes,12,66.2
2017,Nouvelle-Écosse,50 à 64 ans,Hommes,12,65.4
2017,Nouvelle-Écosse,50 à 64 ans,Femmes,12,67.0
2017,Nouvelle-Écosse,65 ans et plus,Les deux sexes,12,70.4
2017,Nouvelle-Écosse,65 ans et plus,Hommes,12,67.3
2017,Nouvelle-Écosse,65 ans et plus,Femmes,12,72.9
2017,Nouveau-Brunswick,"Total, 18 ans et plus",Les deux sexes,13,66.2
2017,Nouveau-Brunswick,"Total, 18 ans et plus",Hommes,13,65.6
2017,Nouveau-Brunswick,"Total, 18 ans et plus",Femmes,13,66.7
2017,Nouveau-Brunswick,18 à 34 ans,Les deux sexes,13,67.6
2017,Nouveau-Brunswick,18 à 34 ans,Hommes,13,66.1
2017,Nouveau-Brunswick,18 à 34 ans,Femmes,13,69.1
2017,Nouveau-Brunswick,35 à 49 ans,Les deux sexes,13,65.7
2017,Nouveau-Brunswick,35 à 49 ans,Hommes,13,66.1
2017,Nouveau-Brunswick,35 à 49 ans,Femmes,13,65.4
2017,Nouveau-Brunswick,50 à 64 ans,Les deux sexes,13,65.1
2017,Nouveau-Brunswick,50 à 64 ans,Hommes,13,62.4
2017,Nouveau-Brunswick,50 à 64 ans,Femmes,13,67.7
2017,Nouveau-Brunswick,65 ans et plus,Les deux sexes,13,66.4
2017,Nouveau-Brunswick,65 ans et plus,Hommes,13,69.0
2017,Nouveau-Brunswick,65 ans et plus,Femmes,13,64.3
2017,Québec,"Total, 18 ans et plus",Les deux sexes,24,73.5
2017,Québec,"Total, 18 ans et plus",Hommes,24,76.0
2017,Québec,"Total, 18 ans et plus",Femmes,24,71.1
2017,Québec,18 à 34 ans,Les deux sexes,24,72.4
2017,Québec,18 à 34 ans,Hommes,24,75.3
2017,Québec,18 à 34 ans,Femmes,24,69.4
2017,Québec,35 à 49 ans,Les deux sexes,24,72.3
2017,Québec,35 à 49 ans,Hommes,24,74.7
2017,Québec,35 à 49 ans,Femmes,24,69.7
2017,Québec,50 à 64 ans,Les deux sexes,24,73.6
2017,Québec,50 à 64 ans,Hommes,24,76.1
2017,Québec,50 à 64 ans,Femmes,24,71.1
2017,Québec,65 ans et plus,Les deux sexes,24,76.2
2017,Québec,65 ans et plus,Hommes,24,78.5
2017,Québec,65 ans et plus,Femmes,24,74.3
2017,Ontario,"Total, 18 ans et plus",Les deux sexes,35,69.6
2017,Ontario,"Total, 18 ans et plus",Hommes,35,71.9
2017,Ontario,"Total, 18 ans et plus",Femmes,35,67.4
2017,Ontario,18 à 34 ans,Les deux sexes,35,68.5
2017,Ontario,18 à 34 ans,Hommes,35,73.6
2017,Ontario,18 à 34 ans,Femmes,35,63.5
2017,Ontario,35 à 49 ans,Les deux sexes,35,69.5
2017,Ontario,35 à 49 ans,Hommes,35,70.8
2017,Ontario,35 à 49 ans,Femmes,35,68.3
2017,Ontario,50 à 64 ans,Les deux sexes,35,69.9
2017,Ontario,50 à 64 ans,Hommes,35,70.7
2017,Ontario,50 à 64 ans,Femmes,35,69.2
2017,Ontario,65 ans et plus,Les deux sexes,35,70.7
2017,Ontario,65 ans et plus,Hommes,35,72.3
2017,Ontario,65 ans et plus,Femmes,35,69.4
2017,Manitoba,"Total, 18 ans et plus",Les deux sexes,46,68.7
2017,Manitoba,"Total, 18 ans et plus",Hommes,46,73.4
2017,Manitoba,"Total, 18 ans et plus",Femmes,46,64.2
2017,Manitoba,18 à 34 ans,Les deux sexes,46,69.1
2017,Manitoba,18 à 34 ans,Hommes,46,74.3
2017,Manitoba,18 à 34 ans,Femmes,46,63.8
2017,Manitoba,35 à 49 ans,Les deux sexes,46,66.4
2017,Manitoba,35 à 49 ans,Hommes,46,77.0
2017,Manitoba,35 à 49 ans,Femmes,46,56.0
2017,Manitoba,50 à 64 ans,Les deux sexes,46,73.6
2017,Manitoba,50 à 64 ans,Hommes,46,72.9
2017,Manitoba,50 à 64 ans,Femmes,46,74.3
2017,Manitoba,65 ans et plus,Les deux sexes,46,64.5
2017,Manitoba,65 ans et plus,Hommes,46,67.1
2017,Manitoba,65 ans et plus,Femmes,46,62.3
2017,Saskatchewan,"Total, 18 ans et plus",Les deux sexes,47,66.6
2017,Saskatchewan,"Total, 18 ans et plus",Hommes,47,67.1
2017,Saskatchewan,"Total, 18 ans et plus",Femmes,47,66.2
2017,Saskatchewan,18 à 34 ans,Les deux sexes,47,71.3
2017,Saskatchewan,18 à 34 ans,Hommes,47,76.3
2017,Saskatchewan,18 à 34 ans,Femmes,47,66.2
2017,Saskatchewan,35 à 49 ans,Les deux sexes,47,66.4
2017,Saskatchewan,35 à 49 ans,Hommes,47,61.9
2017,Saskatchewan,35 à 49 ans,Femmes,47,71.0
2017,Saskatchewan,50 à 64 ans,Les deux sexes,47,64.6
2017,Saskatchewan,50 à 64 ans,Hommes,47,62.9
2017,Saskatchewan,50 à 64 ans,Femmes,47,66.4
2017,Saskatchewan,65 ans et plus,Les deux sexes,47,62.0
2017,Saskatchewan,65 ans et plus,Hommes,47,64.4
2017,Saskatchewan,65 ans et plus,Femmes,47,60.0
2017,Alberta,"Total, 18 ans et plus",Les deux sexes,48,69.0
2017,Alberta,"Total, 18 ans et plus",Hommes,48,70.0
2017,Alberta,"Total, 18 ans et plus",Femmes,48,68.1
2017,Alberta,18 à 34 ans,Les deux sexes,48,65.4
2017,Alberta,18 à 34 ans,Hommes,48,68.2
2017,Alberta,18 à 34 ans,Femmes,48,62.4
2017,Alberta,35 à 49 ans,Les deux sexes,48,71.3
2017,Alberta,35 à 49 ans,Hommes,48,72.5
2017,Alberta,35 à 49 ans,Femmes,48,70.1
2017,Alberta,50 à 64 ans,Les deux sexes,48,70.1
2017,Alberta,50 à 64 ans,Hommes,48,71.0
2017,Alberta,50 à 64 ans,Femmes,48,69.1
2017,Alberta,65 ans et plus,Les deux sexes,48,71.4
2017,Alberta,65 ans et plus,Hommes,48,67.3
2017,Alberta,65 ans et plus,Femmes,48,74.9
2017,Colombie-Britannique,"Total, 18 ans et plus",Les deux sexes,59,67.7
2017,Colombie-Britannique,"Total, 18 ans et plus",Hommes,59,71.3
2017,Colombie-Britannique,"Total, 18 ans et plus",Femmes,59,64.2
2017,Colombie-Britannique,18 à 34 ans,Les deux sexes,59,67.5
2017,Colombie-Britannique,18 à 34 ans,Hommes,59,73.7
2017,Colombie-Britannique,18 à 34 ans,Femmes,59,61.3
2017,Colombie-Britannique,35 à 49 ans,Les deux sexes,59,69.1
2017,Colombie-Britannique,35 à 49 ans,Hommes,59,70.7
2017,Colombie-Britannique,35 à 49 ans,Femmes,59,67.7
2017,Colombie-Britannique,50 à 64 ans,Les deux sexes,59,65.4
2017,Colombie-Britannique,50 à 64 ans,Hommes,59,70.9
2017,Colombie-Britannique,50 à 64 ans,Femmes,59,60.3
2017,Colombie-Britannique,65 ans et plus,Les deux sexes,59,68.9
2017,Colombie-Britannique,65 ans et plus,Hommes,59,69.2
2017,Colombie-Britannique,65 ans et plus,Femmes,59,68.7
2018,Canada,"Total, 18 ans et plus",Hommes,,70.6
2018,Canada,"Total, 18 ans et plus",Femmes,,65.9
2018,Canada,18 à 34 ans,Les deux sexes,,64.0
2018,Canada,18 à 34 ans,Hommes,,68.5
2018,Canada,18 à 34 ans,Femmes,,59.5
2018,Canada,35 à 49 ans,Les deux sexes,,68.5
2018,Canada,35 à 49 ans,Hommes,,71.6
2018,Canada,35 à 49 ans,Femmes,,65.5
2018,Canada,50 à 64 ans,Les deux sexes,,69.4
2018,Canada,50 à 64 ans,Hommes,,70.3
2018,Canada,50 à 64 ans,Femmes,,68.6
2018,Canada,65 ans et plus,Les deux sexes,,72.2
2018,Canada,65 ans et plus,Hommes,,73.2
2018,Canada,65 ans et plus,Femmes,,71.3
2018,Terre-Neuve-et-Labrador,"Total, 18 ans et plus",Les deux sexes,10,68.5
2018,Terre-Neuve-et-Labrador,"Total, 18 ans et plus",Hommes,10,71.5
2018,Terre-Neuve-et-Labrador,"Total, 18 ans et plus",Femmes,10,65.8
2018,Terre-Neuve-et-Labrador,18 à 34 ans,Les deux sexes,10,67.6
2018,Terre-Neuve-et-Labrador,18 à 34 ans,Hommes,10,68.4
2018,Terre-Neuve-et-Labrador,18 à 34 ans,Femmes,10,66.8
2018,Terre-Neuve-et-Labrador,35 à 49 ans,Les deux sexes,10,70.9
2018,Terre-Neuve-et-Labrador,35 à 49 ans,Hommes,10,85.2
2018,Terre-Neuve-et-Labrador,35 à 49 ans,Femmes,10,57.7
2018,Terre-Neuve-et-Labrador,50 à 64 ans,Les deux sexes,10,66.4
2018,Terre-Neuve-et-Labrador,50 à 64 ans,Hommes,10,66.6
2018,Terre-Neuve-et-Labrador,50 à 64 ans,Femmes,10,66.2
2018,Terre-Neuve-et-Labrador,65 ans et plus,Les deux sexes,10,69.8
2018,Terre-Neuve-et-Labrador,65 ans et plus,Hommes,10,66.9
2018,Terre-Neuve-et-Labrador,65 ans et plus,Femmes,10,72.2
2018,Île-du-Prince-Édouard,"Total, 18 ans et plus",Les deux sexes,11,68.0
2018,Île-du-Prince-Édouard,"Total, 18 ans et plus",Hommes,11,68.6
2018,Île-du-Prince-Édouard,"Total, 18 ans et plus",Femmes,11,67.5
2018,Île-du-Prince-Édouard,18 à 34 ans,Les deux sexes,11,57.8
2018,Île-du-Prince-Édouard,18 à 34 ans,Hommes,11,55.4
2018,Île-du-Prince-Édouard,18 à 34 ans,Femmes,11,60.3
2018,Île-du-Prince-Édouard,35 à 49 ans,Les deux sexes,11,72.1
2018,Île-du-Prince-Édouard,35 à 49 ans,Hommes,11,73.6
2018,Île-du-Prince-Édouard,35 à 49 ans,Femmes,11,70.6
2018,Île-du-Prince-Édouard,50 à 64 ans,Les deux sexes,11,65.9
2018,Île-du-Prince-Édouard,50 à 64 ans,Hommes,11,67.6
2018,Île-du-Prince-Édouard,50 à 64 ans,Femmes,11,64.4
2018,Île-du-Prince-Édouard,65 ans et plus,Les deux sexes,11,77.6
2018,Île-du-Prince-Édouard,65 ans et plus,Hommes,11,80.3
2018,Île-du-Prince-Édouard,65 ans et plus,Femmes,11,75.4
2018,Nouvelle-Écosse,"Total, 18 ans et plus",Les deux sexes,12,65.7
2018,Nouvelle-Écosse,"Total, 18 ans et plus",Hommes,12,68.2
2018,Nouvelle-Écosse,"Total, 18 ans et plus",Femmes,12,63.4
2018,Nouvelle-Écosse,18 à 34 ans,Les deux sexes,12,60.0
2018,Nouvelle-Écosse,18 à 34 ans,Hommes,12,64.8
2018,Nouvelle-Écosse,18 à 34 ans,Femmes,12,55.2
2018,Nouvelle-Écosse,35 à 49 ans,Les deux sexes,12,64.1
2018,Nouvelle-Écosse,35 à 49 ans,Hommes,12,68.7
2018,Nouvelle-Écosse,35 à 49 ans,Femmes,12,59.7
2018,Nouvelle-Écosse,50 à 64 ans,Les deux sexes,12,72.4
2018,Nouvelle-Écosse,50 à 64 ans,Hommes,12,72.7
2018,Nouvelle-Écosse,50 à 64 ans,Femmes,12,72.0
2018,Nouvelle-Écosse,65 ans et plus,Les deux sexes,12,65.5
2018,Nouvelle-Écosse,65 ans et plus,Hommes,12,65.8
2018,Nouvelle-Écosse,65 ans et plus,Femmes,12,65.2
2018,Nouveau-Brunswick,"Total, 18 ans et plus",Les deux sexes,13,65.2
2018,Nouveau-Brunswick,"Total, 18 ans et plus",Hommes,13,65.0
2018,Nouveau-Brunswick,"Total, 18 ans et plus",Femmes,13,65.4
2018,Nouveau-Brunswick,18 à 34 ans,Les deux sexes,13,62.4
2018,Nouveau-Brunswick,18 à 34 ans,Hommes,13,61.7
2018,Nouveau-Brunswick,18 à 34 ans,Femmes,13,63.1
2018,Nouveau-Brunswick,35 à 49 ans,Les deux sexes,13,70.2
2018,Nouveau-Brunswick,35 à 49 ans,Hommes,13,70.3
2018,Nouveau-Brunswick,35 à 49 ans,Femmes,13,70.1
2018,Nouveau-Brunswick,50 à 64 ans,Les deux sexes,13,60.0
2018,Nouveau-Brunswick,50 à 64 ans,Hommes,13,57.8
2018,Nouveau-Brunswick,50 à 64 ans,Femmes,13,62.1
2018,Nouveau-Brunswick,65 ans et plus,Les deux sexes,13,69.4
2018,Nouveau-Brunswick,65 ans et plus,Hommes,13,72.5
2018,Nouveau-Brunswick,65 ans et plus,Femmes,13,67.0
2018,Québec,"Total, 18 ans et plus",Les deux sexes,24,70.7
2018,Québec,"Total, 18 ans et plus",Hommes,24,74.0
2018,Québec,"Total, 18 ans et plus",Femmes,24,67.5
2018,Québec,18 à 34 ans,Les deux sexes,24,67.5
2018,Québec,18 à 34 ans,Hommes,24,73.8
2018,Québec,18 à 34 ans,Femmes,24,61.1
2018,Québec,35 à 49 ans,Les deux sexes,24,69.5
2018,Québec,35 à 49 ans,Hommes,24,73.3
2018,Québec,35 à 49 ans,Femmes,24,65.6
2018,Québec,50 à 64 ans,Les deux sexes,24,70.7
2018,Québec,50 à 64 ans,Hommes,24,71.4
2018,Québec,50 à 64 ans,Femmes,24,69.9
2018,Québec,65 ans et plus,Les deux sexes,24,76.0
2018,Québec,65 ans et plus,Hommes,24,78.7
2018,Québec,65 ans et plus,Femmes,24,73.7
2018,Ontario,"Total, 18 ans et plus",Les deux sexes,35,68.2
2018,Ontario,"Total, 18 ans et plus",Hommes,35,70.0
2018,Ontario,"Total, 18 ans et plus",Femmes,35,66.4
2018,Ontario,18 à 34 ans,Les deux sexes,35,62.4
2018,Ontario,18 à 34 ans,Hommes,35,66.3
2018,Ontario,18 à 34 ans,Femmes,35,58.5
2018,Ontario,35 à 49 ans,Les deux sexes,35,69.8
2018,Ontario,35 à 49 ans,Hommes,35,72.2
2018,Ontario,35 à 49 ans,Femmes,35,67.6
2018,Ontario,50 à 64 ans,Les deux sexes,35,69.7
2018,Ontario,50 à 64 ans,Hommes,35,70.2
2018,Ontario,50 à 64 ans,Femmes,35,69.3
2018,Ontario,65 ans et plus,Les deux sexes,35,72.7
2018,Ontario,65 ans et plus,Hommes,35,73.1
2018,Ontario,65 ans et plus,Femmes,35,72.4
2018,Manitoba,"Total, 18 ans et plus",Les deux sexes,46,65.8
2018,Manitoba,"Total, 18 ans et plus",Hommes,46,69.2
2018,Manitoba,"Total, 18 ans et plus",Femmes,46,62.5
2018,Manitoba,18 à 34 ans,Les deux sexes,46,60.3
2018,Manitoba,18 à 34 ans,Hommes,46,65.3
2018,Manitoba,18 à 34 ans,Femmes,46,55.2
2018,Manitoba,35 à 49 ans,Les deux sexes,46,67.2
2018,Manitoba,35 à 49 ans,Hommes,46,72.9
2018,Manitoba,35 à 49 ans,Femmes,46,61.8
2018,Manitoba,50 à 64 ans,Les deux sexes,46,70.4
2018,Manitoba,50 à 64 ans,Hommes,46,72.1
2018,Manitoba,50 à 64 ans,Femmes,46,68.7
2018,Manitoba,65 ans et plus,Les deux sexes,46,66.8
2018,Manitoba,65 ans et plus,Hommes,46,66.8
2018,Manitoba,65 ans et plus,Femmes,46,66.9
2018,Saskatchewan,"Total, 18 ans et plus",Les deux sexes,47,68.1
2018,Saskatchewan,"Total, 18 ans et plus",Hommes,47,73.0
2018,Saskatchewan,"Total, 18 ans et plus",Femmes,47,63.2
2018,Saskatchewan,18 à 34 ans,Les deux sexes,47,68.3
2018,Saskatchewan,18 à 34 ans,Hommes,47,71.4
2018,Saskatchewan,18 à 34 ans,Femmes,47,64.9
2018,Saskatchewan,35 à 49 ans,Les deux sexes,47,67.0
2018,Saskatchewan,35 à 49 ans,Hommes,47,73.9
2018,Saskatchewan,35 à 49 ans,Femmes,47,59.8
2018,Saskatchewan,50 à 64 ans,Les deux sexes,47,72.7
2018,Saskatchewan,50 à 64 ans,Hommes,47,79.8
2018,Saskatchewan,50 à 64 ans,Femmes,47,65.7
2018,Saskatchewan,65 ans et plus,Les deux sexes,47,63.2
2018,Saskatchewan,65 ans et plus,Hommes,47,64.8
2018,Saskatchewan,65 ans et plus,Femmes,47,61.8
2018,Alberta,"Total, 18 ans et plus",Les deux sexes,48,68.6
2018,Alberta,"Total, 18 ans et plus",Hommes,48,70.3
2018,Alberta,"Total, 18 ans et plus",Femmes,48,66.8
2018,Alberta,18 à 34 ans,Les deux sexes,48,65.8
2018,Alberta,18 à 34 ans,Hommes,48,69.3
2018,Alberta,18 à 34 ans,Femmes,48,62.2
2018,Alberta,35 à 49 ans,Les deux sexes,48,69.1
2018,Alberta,35 à 49 ans,Hommes,48,70.4
2018,Alberta,35 à 49 ans,Femmes,48,67.7
2018,Alberta,50 à 64 ans,Les deux sexes,48,70.1
2018,Alberta,50 à 64 ans,Hommes,48,71.3
2018,Alberta,50 à 64 ans,Femmes,48,69.0
2018,Alberta,65 ans et plus,Les deux sexes,48,71.0
2018,Alberta,65 ans et plus,Hommes,48,71.0
2018,Alberta,65 ans et plus,Femmes,48,71.0
2018,Colombie-Britannique,"Total, 18 ans et plus",Les deux sexes,59,65.0
2018,Colombie-Britannique,"Total, 18 ans et plus",Hommes,59,67.8
2018,Colombie-Britannique,"Total, 18 ans et plus",Femmes,59,62.4
2018,Colombie-Britannique,18 à 34 ans,Les deux sexes,59,62.5
2018,Colombie-Britannique,18 à 34 ans,Hommes,59,67.7
2018,Colombie-Britannique,18 à 34 ans,Femmes,59,57.1
2018,Colombie-Britannique,35 à 49 ans,Les deux sexes,59,62.9
2018,Colombie-Britannique,35 à 49 ans,Hommes,59,66.2
2018,Colombie-Britannique,35 à 49 ans,Femmes,59,59.9
2018,Colombie-Britannique,50 à 64 ans,Les deux sexes,59,66.3
2018,Colombie-Britannique,50 à 64 ans,Hommes,59,67.7
2018,Colombie-Britannique,50 à 64 ans,Femmes,59,64.9
2018,Colombie-Britannique,65 ans et plus,Les deux sexes,59,69.4
2018,Colombie-Britannique,65 ans et plus,Hommes,59,70.0
2018,Colombie-Britannique,65 ans et plus,Femmes,59,68.9
2019,Canada,"Total, 18 ans et plus",Hommes,,69.0
2019,Canada,"Total, 18 ans et plus",Femmes,,64.3
2019,Canada,18 à 34 ans,Les deux sexes,,60.8
2019,Canada,18 à 34 ans,Hommes,,65.5
2019,Canada,18 à 34 ans,Femmes,,56.2
2019,Canada,35 à 49 ans,Les deux sexes,,66.6
2019,Canada,35 à 49 ans,Hommes,,69.3
2019,Canada,35 à 49 ans,Femmes,,63.9
2019,Canada,50 à 64 ans,Les deux sexes,,69.6
2019,Canada,50 à 64 ans,Hommes,,70.8
2019,Canada,50 à 64 ans,Femmes,,68.5
2019,Canada,65 ans et plus,Les deux sexes,,70.8
2019,Canada,65 ans et plus,Hommes,,71.4
2019,Canada,65 ans et plus,Femmes,,70.3
2019,Terre-Neuve-et-Labrador,"Total, 18 ans et plus",Les deux sexes,10,68.4
2019,Terre-Neuve-et-Labrador,"Total, 18 ans et plus",Hommes,10,69.5
2019,Terre-Neuve-et-Labrador,"Total, 18 ans et plus",Femmes,10,67.3
2019,Terre-Neuve-et-Labrador,18 à 34 ans,Les deux sexes,10,63.5
2019,Terre-Neuve-et-Labrador,18 à 34 ans,Hommes,10,60.5
2019,Terre-Neuve-et-Labrador,18 à 34 ans,Femmes,10,66.5
2019,Terre-Neuve-et-Labrador,35 à 49 ans,Les deux sexes,10,67.8
2019,Terre-Neuve-et-Labrador,35 à 49 ans,Hommes,10,77.1
2019,Terre-Neuve-et-Labrador,35 à 49 ans,Femmes,10,59.2
2019,Terre-Neuve-et-Labrador,50 à 64 ans,Les deux sexes,10,72.0
2019,Terre-Neuve-et-Labrador,50 à 64 ans,Hommes,10,71.6
2019,Terre-Neuve-et-Labrador,50 à 64 ans,Femmes,10,72.3
2019,Terre-Neuve-et-Labrador,65 ans et plus,Les deux sexes,10,69.2
2019,Terre-Neuve-et-Labrador,65 ans et plus,Hommes,10,68.3
2019,Terre-Neuve-et-Labrador,65 ans et plus,Femmes,10,70.0
2019,Île-du-Prince-Édouard,"Total, 18 ans et plus",Les deux sexes,11,60.3
2019,Île-du-Prince-Édouard,"Total, 18 ans et plus",Hommes,11,60.8
2019,Île-du-Prince-Édouard,"Total, 18 ans et plus",Femmes,11,59.9
2019,Île-du-Prince-Édouard,18 à 34 ans,Les deux sexes,11,46.6
2019,Île-du-Prince-Édouard,18 à 34 ans,Hommes,11,40.2
2019,Île-du-Prince-Édouard,18 à 34 ans,Femmes,11,53.4
2019,Île-du-Prince-Édouard,35 à 49 ans,Les deux sexes,11,61.0
2019,Île-du-Prince-Édouard,35 à 49 ans,Hommes,11,67.2
2019,Île-du-Prince-Édouard,35 à 49 ans,Femmes,11,55.1
2019,Île-du-Prince-Édouard,50 à 64 ans,Les deux sexes,11,62.7
2019,Île-du-Prince-Édouard,50 à 64 ans,Hommes,11,67.1
2019,Île-du-Prince-Édouard,50 à 64 ans,Femmes,11,58.5
2019,Île-du-Prince-Édouard,65 ans et plus,Les deux sexes,11,73.1
2019,Île-du-Prince-Édouard,65 ans et plus,Hommes,11,73.5
2019,Île-du-Prince-Édouard,65 ans et plus,Femmes,11,72.7
2019,Nouvelle-Écosse,"Total, 18 ans et plus",Les deux sexes,12,61.6
2019,Nouvelle-Écosse,"Total, 18 ans et plus",Hommes,12,63.8
2019,Nouvelle-Écosse,"Total, 18 ans et plus",Femmes,12,59.6
2019,Nouvelle-Écosse,18 à 34 ans,Les deux sexes,12,54.4
2019,Nouvelle-Écosse,18 à 34 ans,Hommes,12,64.0
2019,Nouvelle-Écosse,18 à 34 ans,Femmes,12,45.3
2019,Nouvelle-Écosse,35 à 49 ans,Les deux sexes,12,63.5
2019,Nouvelle-Écosse,35 à 49 ans,Hommes,12,63.8
2019,Nouvelle-Écosse,35 à 49 ans,Femmes,12,63.2
2019,Nouvelle-Écosse,50 à 64 ans,Les deux sexes,12,62.4
2019,Nouvelle-Écosse,50 à 64 ans,Hommes,12,63.7
2019,Nouvelle-Écosse,50 à 64 ans,Femmes,12,61.2
2019,Nouvelle-Écosse,65 ans et plus,Les deux sexes,12,66.6
2019,Nouvelle-Écosse,65 ans et plus,Hommes,12,63.8
2019,Nouvelle-Écosse,65 ans et plus,Femmes,12,68.9
2019,Nouveau-Brunswick,"Total, 18 ans et plus",Les deux sexes,13,62.4
2019,Nouveau-Brunswick,"Total, 18 ans et plus",Hommes,13,63.5
2019,Nouveau-Brunswick,"Total, 18 ans et plus",Femmes,13,61.4
2019,Nouveau-Brunswick,18 à 34 ans,Les deux sexes,13,55.4
2019,Nouveau-Brunswick,18 à 34 ans,Hommes,13,58.9
2019,Nouveau-Brunswick,18 à 34 ans,Femmes,13,51.8
2019,Nouveau-Brunswick,35 à 49 ans,Les deux sexes,13,61.7
2019,Nouveau-Brunswick,35 à 49 ans,Hommes,13,61.3
2019,Nouveau-Brunswick,35 à 49 ans,Femmes,13,62.1
2019,Nouveau-Brunswick,50 à 64 ans,Les deux sexes,13,65.1
2019,Nouveau-Brunswick,50 à 64 ans,Hommes,13,65.6
2019,Nouveau-Brunswick,50 à 64 ans,Femmes,13,64.7
2019,Nouveau-Brunswick,65 ans et plus,Les deux sexes,13,66.6
2019,Nouveau-Brunswick,65 ans et plus,Hommes,13,68.0
2019,Nouveau-Brunswick,65 ans et plus,Femmes,13,65.4
2019,Québec,"Total, 18 ans et plus",Les deux sexes,24,71.7
2019,Québec,"Total, 18 ans et plus",Hommes,24,74.6
2019,Québec,"Total, 18 ans et plus",Femmes,24,68.8
2019,Québec,18 à 34 ans,Les deux sexes,24,66.1
2019,Québec,18 à 34 ans,Hommes,24,71.5
2019,Québec,18 à 34 ans,Femmes,24,60.6
2019,Québec,35 à 49 ans,Les deux sexes,24,70.6
2019,Québec,35 à 49 ans,Hommes,24,73.7
2019,Québec,35 à 49 ans,Femmes,24,67.3
2019,Québec,50 à 64 ans,Les deux sexes,24,74.0
2019,Québec,50 à 64 ans,Hommes,24,74.7
2019,Québec,50 à 64 ans,Femmes,24,73.2
2019,Québec,65 ans et plus,Les deux sexes,24,76.7
2019,Québec,65 ans et plus,Hommes,24,79.7
2019,Québec,65 ans et plus,Femmes,24,74.1
2019,Ontario,"Total, 18 ans et plus",Les deux sexes,35,65.6
2019,Ontario,"Total, 18 ans et plus",Hommes,35,67.3
2019,Ontario,"Total, 18 ans et plus",Femmes,35,63.9
2019,Ontario,18 à 34 ans,Les deux sexes,35,59.2
2019,Ontario,18 à 34 ans,Hommes,35,62.2
2019,Ontario,18 à 34 ans,Femmes,35,56.3
2019,Ontario,35 à 49 ans,Les deux sexes,35,65.5
2019,Ontario,35 à 49 ans,Hommes,35,68.0
2019,Ontario,35 à 49 ans,Femmes,35,63.1
2019,Ontario,50 à 64 ans,Les deux sexes,35,69.3
2019,Ontario,50 à 64 ans,Hommes,35,71.4
2019,Ontario,50 à 64 ans,Femmes,35,67.3
2019,Ontario,65 ans et plus,Les deux sexes,35,70.2
2019,Ontario,65 ans et plus,Hommes,35,68.8
2019,Ontario,65 ans et plus,Femmes,35,71.4
2019,Manitoba,"Total, 18 ans et plus",Les deux sexes,46,63.3
2019,Manitoba,"Total, 18 ans et plus",Hommes,46,63.8
2019,Manitoba,"Total, 18 ans et plus",Femmes,46,62.8
2019,Manitoba,18 à 34 ans,Les deux sexes,46,59.7
2019,Manitoba,18 à 34 ans,Hommes,46,63.3
2019,Manitoba,18 à 34 ans,Femmes,46,55.9
2019,Manitoba,35 à 49 ans,Les deux sexes,46,63.4
2019,Manitoba,35 à 49 ans,Hommes,46,60.2
2019,Manitoba,35 à 49 ans,Femmes,46,66.4
2019,Manitoba,50 à 64 ans,Les deux sexes,46,65.2
2019,Manitoba,50 à 64 ans,Hommes,46,65.5
2019,Manitoba,50 à 64 ans,Femmes,46,64.8
2019,Manitoba,65 ans et plus,Les deux sexes,46,66.4
2019,Manitoba,65 ans et plus,Hommes,46,66.9
2019,Manitoba,65 ans et plus,Femmes,46,66.0
2019,Saskatchewan,"Total, 18 ans et plus",Les deux sexes,47,62.5
2019,Saskatchewan,"Total, 18 ans et plus",Hommes,47,63.9
2019,Saskatchewan,"Total, 18 ans et plus",Femmes,47,61.2
2019,Saskatchewan,18 à 34 ans,Les deux sexes,47,61.3
2019,Saskatchewan,18 à 34 ans,Hommes,47,64.5
2019,Saskatchewan,18 à 34 ans,Femmes,47,57.9
2019,Saskatchewan,35 à 49 ans,Les deux sexes,47,60.6
2019,Saskatchewan,35 à 49 ans,Hommes,47,62.9
2019,Saskatchewan,35 à 49 ans,Femmes,47,58.3
2019,Saskatchewan,50 à 64 ans,Les deux sexes,47,65.5
2019,Saskatchewan,50 à 64 ans,Hommes,47,63.9
2019,Saskatchewan,50 à 64 ans,Femmes,47,67.1
2019,Saskatchewan,65 ans et plus,Les deux sexes,47,63.0
2019,Saskatchewan,65 ans et plus,Hommes,47,64.0
2019,Saskatchewan,65 ans et plus,Femmes,47,62.1
2019,Alberta,"Total, 18 ans et plus",Les deux sexes,48,66.6
2019,Alberta,"Total, 18 ans et plus",Hommes,48,69.1
2019,Alberta,"Total, 18 ans et plus",Femmes,48,64.2
2019,Alberta,18 à 34 ans,Les deux sexes,48,62.2
2019,Alberta,18 à 34 ans,Hommes,48,68.5
2019,Alberta,18 à 34 ans,Femmes,48,55.8
2019,Alberta,35 à 49 ans,Les deux sexes,48,67.3
2019,Alberta,35 à 49 ans,Hommes,48,71.1
2019,Alberta,35 à 49 ans,Femmes,48,63.4
2019,Alberta,50 à 64 ans,Les deux sexes,48,70.0
2019,Alberta,50 à 64 ans,Hommes,48,67.8
2019,Alberta,50 à 64 ans,Femmes,48,72.3
2019,Alberta,65 ans et plus,Les deux sexes,48,69.0
2019,Alberta,65 ans et plus,Hommes,48,68.7
2019,Alberta,65 ans et plus,Femmes,48,69.3
2019,Colombie-Britannique,"Total, 18 ans et plus",Les deux sexes,59,64.1
2019,Colombie-Britannique,"Total, 18 ans et plus",Hommes,59,68.3
2019,Colombie-Britannique,"Total, 18 ans et plus",Femmes,59,60.2
2019,Colombie-Britannique,18 à 34 ans,Les deux sexes,59,58.4
2019,Colombie-Britannique,18 à 34 ans,Hommes,59,66.2
2019,Colombie-Britannique,18 à 34 ans,Femmes,59,50.6
2019,Colombie-Britannique,35 à 49 ans,Les deux sexes,59,65.3
2019,Colombie-Britannique,35 à 49 ans,Hommes,59,68.1
2019,Colombie-Britannique,35 à 49 ans,Femmes,59,62.6
2019,Colombie-Britannique,50 à 64 ans,Les deux sexes,59,66.9
2019,Colombie-Britannique,50 à 64 ans,Hommes,59,69.6
2019,Colombie-Britannique,50 à 64 ans,Femmes,59,64.3
2019,Colombie-Britannique,65 ans et plus,Les deux sexes,59,67.0
2019,Colombie-Britannique,65 ans et plus,Hommes,59,69.8
2019,Colombie-Britannique,65 ans et plus,Femmes,59,64.6
2020,Canada,"Total, 18 ans et plus",Hommes,,68.5
2020,Canada,"Total, 18 ans et plus",Femmes,,61.1
2020,Canada,18 à 34 ans,Les deux sexes,,59.0
2020,Canada,18 à 34 ans,Hommes,,64.8
2020,Canada,18 à 34 ans,Femmes,,53.0
2020,Canada,35 à 49 ans,Les deux sexes,,64.2
2020,Canada,35 à 49 ans,Hommes,,68.6
2020,Canada,35 à 49 ans,Femmes,,59.9
2020,Canada,50 à 64 ans,Les deux sexes,,66.5
2020,Canada,50 à 64 ans,Hommes,,69.0
2020,Canada,50 à 64 ans,Femmes,,64.1
2020,Canada,65 ans et plus,Les deux sexes,,71.0
2020,Canada,65 ans et plus,Hommes,,73.5
2020,Canada,65 ans et plus,Femmes,,68.9
2020,Terre-Neuve-et-Labrador,"Total, 18 ans et plus",Les deux sexes,10,68.8
2020,Terre-Neuve-et-Labrador,"Total, 18 ans et plus",Hommes,10,70.9
2020,Terre-Neuve-et-Labrador,"Total, 18 ans et plus",Femmes,10,66.9
2020,Terre-Neuve-et-Labrador,18 à 34 ans,Les deux sexes,10,64.6
2020,Terre-Neuve-et-Labrador,18 à 34 ans,Hommes,10,
2020,Terre-Neuve-et-Labrador,18 à 34 ans,Femmes,10,
2020,Terre-Neuve-et-Labrador,35 à 49 ans,Les deux sexes,10,64.2
2020,Terre-Neuve-et-Labrador,35 à 49 ans,Hommes,10,
2020,Terre-Neuve-et-Labrador,35 à 49 ans,Femmes,10,56.1
2020,Terre-Neuve-et-Labrador,50 à 64 ans,Les deux sexes,10,71.5
2020,Terre-Neuve-et-Labrador,50 à 64 ans,Hommes,10,68.6
2020,Terre-Neuve-et-Labrador,50 à 64 ans,Femmes,10,74.1
2020,Terre-Neuve-et-Labrador,65 ans et plus,Les deux sexes,10,73.7
2020,Terre-Neuve-et-Labrador,65 ans et plus,Hommes,10,73.7
2020,Terre-Neuve-et-Labrador,65 ans et plus,Femmes,10,73.8
2020,Île-du-Prince-Édouard,"Total, 18 ans et plus",Les deux sexes,11,66.1
2020,Île-du-Prince-Édouard,"Total, 18 ans et plus",Hommes,11,74.9
2020,Île-du-Prince-Édouard,"Total, 18 ans et plus",Femmes,11,57.8
2020,Île-du-Prince-Édouard,18 à 34 ans,Les deux sexes,11,66.3
2020,Île-du-Prince-Édouard,18 à 34 ans,Hommes,11,
2020,Île-du-Prince-Édouard,18 à 34 ans,Femmes,11,
2020,Île-du-Prince-Édouard,35 à 49 ans,Les deux sexes,11,48.1
2020,Île-du-Prince-Édouard,35 à 49 ans,Hommes,11,
2020,Île-du-Prince-Édouard,35 à 49 ans,Femmes,11,
2020,Île-du-Prince-Édouard,50 à 64 ans,Les deux sexes,11,74.8
2020,Île-du-Prince-Édouard,50 à 64 ans,Hommes,11,
2020,Île-du-Prince-Édouard,50 à 64 ans,Femmes,11,71.3
2020,Île-du-Prince-Édouard,65 ans et plus,Les deux sexes,11,73.8
2020,Île-du-Prince-Édouard,65 ans et plus,Hommes,11,75.0
2020,Île-du-Prince-Édouard,65 ans et plus,Femmes,11,72.9
2020,Nouvelle-Écosse,"Total, 18 ans et plus",Les deux sexes,12,66.9
2020,Nouvelle-Écosse,"Total, 18 ans et plus",Hommes,12,74.1
2020,Nouvelle-Écosse,"Total, 18 ans et plus",Femmes,12,60.6
2020,Nouvelle-Écosse,18 à 34 ans,Les deux sexes,12,68.9
2020,Nouvelle-Écosse,18 à 34 ans,Hommes,12,
2020,Nouvelle-Écosse,18 à 34 ans,Femmes,12,57.8
2020,Nouvelle-Écosse,35 à 49 ans,Les deux sexes,12,59.5
2020,Nouvelle-Écosse,35 à 49 ans,Hommes,12,68.5
2020,Nouvelle-Écosse,35 à 49 ans,Femmes,12,51.7
2020,Nouvelle-Écosse,50 à 64 ans,Les deux sexes,12,66.7
2020,Nouvelle-Écosse,50 à 64 ans,Hommes,12,72.0
2020,Nouvelle-Écosse,50 à 64 ans,Femmes,12,61.7
2020,Nouvelle-Écosse,65 ans et plus,Les deux sexes,12,71.9
2020,Nouvelle-Écosse,65 ans et plus,Hommes,12,74.0
2020,Nouvelle-Écosse,65 ans et plus,Femmes,12,70.1
2020,Nouveau-Brunswick,"Total, 18 ans et plus",Les deux sexes,13,59.7
2020,Nouveau-Brunswick,"Total, 18 ans et plus",Hommes,13,65.2
2020,Nouveau-Brunswick,"Total, 18 ans et plus",Femmes,13,54.5
2020,Nouveau-Brunswick,18 à 34 ans,Les deux sexes,13,46.0
2020,Nouveau-Brunswick,18 à 34 ans,Hommes,13,
2020,Nouveau-Brunswick,18 à 34 ans,Femmes,13,36.7
2020,Nouveau-Brunswick,35 à 49 ans,Les deux sexes,13,69.9
2020,Nouveau-Brunswick,35 à 49 ans,Hommes,13,74.8
2020,Nouveau-Brunswick,35 à 49 ans,Femmes,13,65.5
2020,Nouveau-Brunswick,50 à 64 ans,Les deux sexes,13,57.6
2020,Nouveau-Brunswick,50 à 64 ans,Hommes,13,64.2
2020,Nouveau-Brunswick,50 à 64 ans,Femmes,13,51.2
2020,Nouveau-Brunswick,65 ans et plus,Les deux sexes,13,65.6
2020,Nouveau-Brunswick,65 ans et plus,Hommes,13,68.0
2020,Nouveau-Brunswick,65 ans et plus,Femmes,13,63.6
2020,Québec,"Total, 18 ans et plus",Les deux sexes,24,71.1
2020,Québec,"Total, 18 ans et plus",Hommes,24,75.6
2020,Québec,"Total, 18 ans et plus",Femmes,24,66.7
2020,Québec,18 à 34 ans,Les deux sexes,24,63.5
2020,Québec,18 à 34 ans,Hommes,24,71.3
2020,Québec,18 à 34 ans,Femmes,24,55.3
2020,Québec,35 à 49 ans,Les deux sexes,24,71.5
2020,Québec,35 à 49 ans,Hommes,24,77.7
2020,Québec,35 à 49 ans,Femmes,24,65.3
2020,Québec,50 à 64 ans,Les deux sexes,24,73.0
2020,Québec,50 à 64 ans,Hommes,24,74.8
2020,Québec,50 à 64 ans,Femmes,24,71.3
2020,Québec,65 ans et plus,Les deux sexes,24,77.1
2020,Québec,65 ans et plus,Hommes,24,79.4
2020,Québec,65 ans et plus,Femmes,24,75.1
2020,Ontario,"Total, 18 ans et plus",Les deux sexes,35,63.0
2020,Ontario,"Total, 18 ans et plus",Hommes,35,67.1
2020,Ontario,"Total, 18 ans et plus",Femmes,35,59.2
2020,Ontario,18 à 34 ans,Les deux sexes,35,56.9
2020,Ontario,18 à 34 ans,Hommes,35,63.1
2020,Ontario,18 à 34 ans,Femmes,35,50.6
2020,Ontario,35 à 49 ans,Les deux sexes,35,63.6
2020,Ontario,35 à 49 ans,Hommes,35,67.1
2020,Ontario,35 à 49 ans,Femmes,35,60.3
2020,Ontario,50 à 64 ans,Les deux sexes,35,64.7
2020,Ontario,50 à 64 ans,Hommes,35,68.2
2020,Ontario,50 à 64 ans,Femmes,35,61.3
2020,Ontario,65 ans et plus,Les deux sexes,35,68.9
2020,Ontario,65 ans et plus,Hommes,35,71.9
2020,Ontario,65 ans et plus,Femmes,35,66.5
2020,Manitoba,"Total, 18 ans et plus",Les deux sexes,46,62.6
2020,Manitoba,"Total, 18 ans et plus",Hommes,46,69.5
2020,Manitoba,"Total, 18 ans et plus",Femmes,46,56.0
2020,Manitoba,18 à 34 ans,Les deux sexes,46,63.6
2020,Manitoba,18 à 34 ans,Hommes,46,77.5
2020,Manitoba,18 à 34 ans,Femmes,46,48.7
2020,Manitoba,35 à 49 ans,Les deux sexes,46,58.6
2020,Manitoba,35 à 49 ans,Hommes,46,62.6
2020,Manitoba,35 à 49 ans,Femmes,46,54.7
2020,Manitoba,50 à 64 ans,Les deux sexes,46,63.2
2020,Manitoba,50 à 64 ans,Hommes,46,67.6
2020,Manitoba,50 à 64 ans,Femmes,46,58.9
2020,Manitoba,65 ans et plus,Les deux sexes,46,65.7
2020,Manitoba,65 ans et plus,Hommes,46,67.8
2020,Manitoba,65 ans et plus,Femmes,46,63.9
2020,Saskatchewan,"Total, 18 ans et plus",Les deux sexes,47,60.4
2020,Saskatchewan,"Total, 18 ans et plus",Hommes,47,61.2
2020,Saskatchewan,"Total, 18 ans et plus",Femmes,47,59.5
2020,Saskatchewan,18 à 34 ans,Les deux sexes,47,59.3
2020,Saskatchewan,18 à 34 ans,Hommes,47,63.6
2020,Saskatchewan,18 à 34 ans,Femmes,47,54.8
2020,Saskatchewan,35 à 49 ans,Les deux sexes,47,57.8
2020,Saskatchewan,35 à 49 ans,Hommes,47,60.9
2020,Saskatchewan,35 à 49 ans,Femmes,47,54.7
2020,Saskatchewan,50 à 64 ans,Les deux sexes,47,60.5
2020,Saskatchewan,50 à 64 ans,Hommes,47,54.9
2020,Saskatchewan,50 à 64 ans,Femmes,47,66.2
2020,Saskatchewan,65 ans et plus,Les deux sexes,47,64.9
2020,Saskatchewan,65 ans et plus,Hommes,47,66.3
2020,Saskatchewan,65 ans et plus,Femmes,47,63.7
2020,Alberta,"Total, 18 ans et plus",Les deux sexes,48,64.6
2020,Alberta,"Total, 18 ans et plus",Hommes,48,66.3
2020,Alberta,"Total, 18 ans et plus",Femmes,48,62.9
2020,Alberta,18 à 34 ans,Les deux sexes,48,63.1
2020,Alberta,18 à 34 ans,Hommes,48,64.2
2020,Alberta,18 à 34 ans,Femmes,48,61.9
2020,Alberta,35 à 49 ans,Les deux sexes,48,60.8
2020,Alberta,35 à 49 ans,Hommes,48,63.0
2020,Alberta,35 à 49 ans,Femmes,48,58.6
2020,Alberta,50 à 64 ans,Les deux sexes,48,69.0
2020,Alberta,50 à 64 ans,Hommes,48,72.1
2020,Alberta,50 à 64 ans,Femmes,48,66.0
2020,Alberta,65 ans et plus,Les deux sexes,48,67.3
2020,Alberta,65 ans et plus,Hommes,48,67.4
2020,Alberta,65 ans et plus,Femmes,48,67.2
2020,Colombie-Britannique,"Total, 18 ans et plus",Les deux sexes,59,60.5
2020,Colombie-Britannique,"Total, 18 ans et plus",Hommes,59,63.0
2020,Colombie-Britannique,"Total, 18 ans et plus",Femmes,59,58.2
2020,Colombie-Britannique,18 à 34 ans,Les deux sexes,59,52.8
2020,Colombie-Britannique,18 à 34 ans,Hommes,59,54.8
2020,Colombie-Britannique,18 à 34 ans,Femmes,59,50.7
2020,Colombie-Britannique,35 à 49 ans,Les deux sexes,59,60.0
2020,Colombie-Britannique,35 à 49 ans,Hommes,59,64.7
2020,Colombie-Britannique,35 à 49 ans,Femmes,59,55.5
2020,Colombie-Britannique,50 à 64 ans,Les deux sexes,59,60.9
2020,Colombie-Britannique,50 à 64 ans,Hommes,59,61.8
2020,Colombie-Britannique,50 à 64 ans,Femmes,59,60.0
2020,Colombie-Britannique,65 ans et plus,Les deux sexes,59,70.6
2020,Colombie-Britannique,65 ans et plus,Hommes,59,74.1
2020,Colombie-Britannique,65 ans et plus,Femmes,59,67.7
2021,Canada,"Total, 18 ans et plus",Hommes,,62.3
2021,Canada,"Total, 18 ans et plus",Femmes,,55.4
2021,Canada,18 à 34 ans,Les deux sexes,,51.1
2021,Canada,18 à 34 ans,Hommes,,56.1
2021,Canada,18 à 34 ans,Femmes,,45.8
2021,Canada,35 à 49 ans,Les deux sexes,,56.9
2021,Canada,35 à 49 ans,Hommes,,61.4
2021,Canada,35 à 49 ans,Femmes,,52.4
2021,Canada,50 à 64 ans,Les deux sexes,,61.1
2021,Canada,50 à 64 ans,Hommes,,64.2
2021,Canada,50 à 64 ans,Femmes,,58.0
2021,Canada,65 ans et plus,Les deux sexes,,68.2
2021,Canada,65 ans et plus,Hommes,,69.8
2021,Canada,65 ans et plus,Femmes,,66.7
2021,Terre-Neuve-et-Labrador,"Total, 18 ans et plus",Les deux sexes,10,61.3
2021,Terre-Neuve-et-Labrador,"Total, 18 ans et plus",Hommes,10,62.2
2021,Terre-Neuve-et-Labrador,"Total, 18 ans et plus",Femmes,10,60.4
2021,Terre-Neuve-et-Labrador,18 à 34 ans,Les deux sexes,10,42.3
2021,Terre-Neuve-et-Labrador,18 à 34 ans,Hommes,10,42.7
2021,Terre-Neuve-et-Labrador,18 à 34 ans,Femmes,10,41.9
2021,Terre-Neuve-et-Labrador,35 à 49 ans,Les deux sexes,10,60.3
2021,Terre-Neuve-et-Labrador,35 à 49 ans,Hommes,10,66.9
2021,Terre-Neuve-et-Labrador,35 à 49 ans,Femmes,10,54.2
2021,Terre-Neuve-et-Labrador,50 à 64 ans,Les deux sexes,10,66.8
2021,Terre-Neuve-et-Labrador,50 à 64 ans,Hommes,10,68.4
2021,Terre-Neuve-et-Labrador,50 à 64 ans,Femmes,10,65.4
2021,Terre-Neuve-et-Labrador,65 ans et plus,Les deux sexes,10,72.5
2021,Terre-Neuve-et-Labrador,65 ans et plus,Hommes,10,69.9
2021,Terre-Neuve-et-Labrador,65 ans et plus,Femmes,10,74.6
2021,Île-du-Prince-Édouard,"Total, 18 ans et plus",Les deux sexes,11,57.2
2021,Île-du-Prince-Édouard,"Total, 18 ans et plus",Hommes,11,58.4
2021,Île-du-Prince-Édouard,"Total, 18 ans et plus",Femmes,11,56.2
2021,Île-du-Prince-Édouard,18 à 34 ans,Les deux sexes,11,47.9
2021,Île-du-Prince-Édouard,18 à 34 ans,Hommes,11,52.4
2021,Île-du-Prince-Édouard,18 à 34 ans,Femmes,11,43.1
2021,Île-du-Prince-Édouard,35 à 49 ans,Les deux sexes,11,52.2
2021,Île-du-Prince-Édouard,35 à 49 ans,Hommes,11,55.1
2021,Île-du-Prince-Édouard,35 à 49 ans,Femmes,11,49.5
2021,Île-du-Prince-Édouard,50 à 64 ans,Les deux sexes,11,67.6
2021,Île-du-Prince-Édouard,50 à 64 ans,Hommes,11,68.8
2021,Île-du-Prince-Édouard,50 à 64 ans,Femmes,11,66.5
2021,Île-du-Prince-Édouard,65 ans et plus,Les deux sexes,11,61.6
2021,Île-du-Prince-Édouard,65 ans et plus,Hommes,11,57.4
2021,Île-du-Prince-Édouard,65 ans et plus,Femmes,11,65.0
2021,Nouvelle-Écosse,"Total, 18 ans et plus",Les deux sexes,12,60.1
2021,Nouvelle-Écosse,"Total, 18 ans et plus",Hommes,12,61.4
2021,Nouvelle-Écosse,"Total, 18 ans et plus",Femmes,12,58.9
2021,Nouvelle-Écosse,18 à 34 ans,Les deux sexes,12,56.7
2021,Nouvelle-Écosse,18 à 34 ans,Hommes,12,61.4
2021,Nouvelle-Écosse,18 à 34 ans,Femmes,12,52.0
2021,Nouvelle-Écosse,35 à 49 ans,Les deux sexes,12,58.9
2021,Nouvelle-Écosse,35 à 49 ans,Hommes,12,58.2
2021,Nouvelle-Écosse,35 à 49 ans,Femmes,12,59.6
2021,Nouvelle-Écosse,50 à 64 ans,Les deux sexes,12,57.0
2021,Nouvelle-Écosse,50 à 64 ans,Hommes,12,58.4
2021,Nouvelle-Écosse,50 à 64 ans,Femmes,12,55.7
2021,Nouvelle-Écosse,65 ans et plus,Les deux sexes,12,68.0
2021,Nouvelle-Écosse,65 ans et plus,Hommes,12,67.8
2021,Nouvelle-Écosse,65 ans et plus,Femmes,12,68.1
2021,Nouveau-Brunswick,"Total, 18 ans et plus",Les deux sexes,13,56.5
2021,Nouveau-Brunswick,"Total, 18 ans et plus",Hommes,13,61.8
2021,Nouveau-Brunswick,"Total, 18 ans et plus",Femmes,13,51.5
2021,Nouveau-Brunswick,18 à 34 ans,Les deux sexes,13,49.9
2021,Nouveau-Brunswick,18 à 34 ans,Hommes,13,53.3
2021,Nouveau-Brunswick,18 à 34 ans,Femmes,13,46.5
2021,Nouveau-Brunswick,35 à 49 ans,Les deux sexes,13,59.2
2021,Nouveau-Brunswick,35 à 49 ans,Hommes,13,64.7
2021,Nouveau-Brunswick,35 à 49 ans,Femmes,13,53.9
2021,Nouveau-Brunswick,50 à 64 ans,Les deux sexes,13,53.6
2021,Nouveau-Brunswick,50 à 64 ans,Hommes,13,59.7
2021,Nouveau-Brunswick,50 à 64 ans,Femmes,13,47.6
2021,Nouveau-Brunswick,65 ans et plus,Les deux sexes,13,63.0
2021,Nouveau-Brunswick,65 ans et plus,Hommes,13,69.6
2021,Nouveau-Brunswick,65 ans et plus,Femmes,13,57.5
2021,Québec,"Total, 18 ans et plus",Les deux sexes,24,65.9
2021,Québec,"Total, 18 ans et plus",Hommes,24,67.9
2021,Québec,"Total, 18 ans et plus",Femmes,24,63.9
2021,Québec,18 à 34 ans,Les deux sexes,24,59.5
2021,Québec,18 à 34 ans,Hommes,24,65.4
2021,Québec,18 à 34 ans,Femmes,24,53.3
2021,Québec,35 à 49 ans,Les deux sexes,24,62.9
2021,Québec,35 à 49 ans,Hommes,24,65.3
2021,Québec,35 à 49 ans,Femmes,24,60.5
2021,Québec,50 à 64 ans,Les deux sexes,24,66.8
2021,Québec,50 à 64 ans,Hommes,24,64.8
2021,Québec,50 à 64 ans,Femmes,24,68.9
2021,Québec,65 ans et plus,Les deux sexes,24,74.8
2021,Québec,65 ans et plus,Hommes,24,77.6
2021,Québec,65 ans et plus,Femmes,24,72.4
2021,Ontario,"Total, 18 ans et plus",Les deux sexes,35,56.5
2021,Ontario,"Total, 18 ans et plus",Hommes,35,60.6
2021,Ontario,"Total, 18 ans et plus",Femmes,35,52.5
2021,Ontario,18 à 34 ans,Les deux sexes,35,47.6
2021,Ontario,18 à 34 ans,Hommes,35,52.3
2021,Ontario,18 à 34 ans,Femmes,35,42.7
2021,Ontario,35 à 49 ans,Les deux sexes,35,54.7
2021,Ontario,35 à 49 ans,Hommes,35,60.5
2021,Ontario,35 à 49 ans,Femmes,35,49.2
2021,Ontario,50 à 64 ans,Les deux sexes,35,60.3
2021,Ontario,50 à 64 ans,Hommes,35,65.1
2021,Ontario,50 à 64 ans,Femmes,35,55.8
2021,Ontario,65 ans et plus,Les deux sexes,35,66.4
2021,Ontario,65 ans et plus,Hommes,35,68.3
2021,Ontario,65 ans et plus,Femmes,35,64.8
2021,Manitoba,"Total, 18 ans et plus",Les deux sexes,46,58.0
2021,Manitoba,"Total, 18 ans et plus",Hommes,46,61.0
2021,Manitoba,"Total, 18 ans et plus",Femmes,46,55.0
2021,Manitoba,18 à 34 ans,Les deux sexes,46,50.7
2021,Manitoba,18 à 34 ans,Hommes,46,54.1
2021,Manitoba,18 à 34 ans,Femmes,46,47.1
2021,Manitoba,35 à 49 ans,Les deux sexes,46,59.5
2021,Manitoba,35 à 49 ans,Hommes,46,60.4
2021,Manitoba,35 à 49 ans,Femmes,46,58.6
2021,Manitoba,50 à 64 ans,Les deux sexes,46,61.8
2021,Manitoba,50 à 64 ans,Hommes,46,68.9
2021,Manitoba,50 à 64 ans,Femmes,46,55.0
2021,Manitoba,65 ans et plus,Les deux sexes,46,62.3
2021,Manitoba,65 ans et plus,Hommes,46,63.4
2021,Manitoba,65 ans et plus,Femmes,46,61.4
2021,Saskatchewan,"Total, 18 ans et plus",Les deux sexes,47,55.9
2021,Saskatchewan,"Total, 18 ans et plus",Hommes,47,58.2
2021,Saskatchewan,"Total, 18 ans et plus",Femmes,47,53.7
2021,Saskatchewan,18 à 34 ans,Les deux sexes,47,50.8
2021,Saskatchewan,18 à 34 ans,Hommes,47,53.8
2021,Saskatchewan,18 à 34 ans,Femmes,47,47.6
2021,Saskatchewan,35 à 49 ans,Les deux sexes,47,54.1
2021,Saskatchewan,35 à 49 ans,Hommes,47,58.2
2021,Saskatchewan,35 à 49 ans,Femmes,47,49.9
2021,Saskatchewan,50 à 64 ans,Les deux sexes,47,59.0
2021,Saskatchewan,50 à 64 ans,Hommes,47,57.7
2021,Saskatchewan,50 à 64 ans,Femmes,47,60.2
2021,Saskatchewan,65 ans et plus,Les deux sexes,47,61.7
2021,Saskatchewan,65 ans et plus,Hommes,47,65.2
2021,Saskatchewan,65 ans et plus,Femmes,47,58.7
2021,Alberta,"Total, 18 ans et plus",Les deux sexes,48,56.9
2021,Alberta,"Total, 18 ans et plus",Hommes,48,62.3
2021,Alberta,"Total, 18 ans et plus",Femmes,48,51.4
2021,Alberta,18 à 34 ans,Les deux sexes,48,49.8
2021,Alberta,18 à 34 ans,Hommes,48,58.2
2021,Alberta,18 à 34 ans,Femmes,48,41.1
2021,Alberta,35 à 49 ans,Les deux sexes,48,55.7
2021,Alberta,35 à 49 ans,Hommes,48,63.0
2021,Alberta,35 à 49 ans,Femmes,48,48.4
2021,Alberta,50 à 64 ans,Les deux sexes,48,60.3
2021,Alberta,50 à 64 ans,Hommes,48,64.3
2021,Alberta,50 à 64 ans,Femmes,48,56.3
2021,Alberta,65 ans et plus,Les deux sexes,48,66.1
2021,Alberta,65 ans et plus,Hommes,48,66.1
2021,Alberta,65 ans et plus,Femmes,48,66.1
2021,Colombie-Britannique,"Total, 18 ans et plus",Les deux sexes,59,55.5
2021,Colombie-Britannique,"Total, 18 ans et plus",Hommes,59,58.9
2021,Colombie-Britannique,"Total, 18 ans et plus",Femmes,59,52.4
2021,Colombie-Britannique,18 à 34 ans,Les deux sexes,59,49.8
2021,Colombie-Britannique,18 à 34 ans,Hommes,59,53.3
2021,Colombie-Britannique,18 à 34 ans,Femmes,59,46.1
2021,Colombie-Britannique,35 à 49 ans,Les deux sexes,59,52.9
2021,Colombie-Britannique,35 à 49 ans,Hommes,59,56.4
2021,Colombie-Britannique,35 à 49 ans,Femmes,59,49.7
2021,Colombie-Britannique,50 à 64 ans,Les deux sexes,59,55.5
2021,Colombie-Britannique,50 à 64 ans,Hommes,59,62.2
2021,Colombie-Britannique,50 à 64 ans,Femmes,59,49.2
2021,Colombie-Britannique,65 ans et plus,Les deux sexes,59,65.6
2021,Colombie-Britannique,65 ans et plus,Hommes,59,65.5
2021,Colombie-Britannique,65 ans et plus,Femmes,59,65.8
2022,Canada,"Total, 18 ans et plus",Hommes,,58.8
2022,Canada,"Total, 18 ans et plus",Femmes,,50.9
2022,Canada,18 à 34 ans,Les deux sexes,,47.6
2022,Canada,18 à 34 ans,Hommes,,52.6
2022,Canada,18 à 34 ans,Femmes,,42.4
2022,Canada,35 à 49 ans,Les deux sexes,,52.9
2022,Canada,35 à 49 ans,Hommes,,58.0
2022,Canada,35 à 49 ans,Femmes,,47.8
2022,Canada,50 à 64 ans,Les deux sexes,,58.5
2022,Canada,50 à 64 ans,Hommes,,62.0
2022,Canada,50 à 64 ans,Femmes,,55.1
2022,Canada,65 ans et plus,Les deux sexes,,61.3
2022,Canada,65 ans et plus,Hommes,,64.0
2022,Canada,65 ans et plus,Femmes,,59.0
2022,Terre-Neuve-et-Labrador,"Total, 18 ans et plus",Les deux sexes,10,55.3
2022,Terre-Neuve-et-Labrador,"Total, 18 ans et plus",Hommes,10,57.1
2022,Terre-Neuve-et-Labrador,"Total, 18 ans et plus",Femmes,10,53.8
2022,Terre-Neuve-et-Labrador,18 à 34 ans,Les deux sexes,10,46.4
2022,Terre-Neuve-et-Labrador,18 à 34 ans,Hommes,10,48.7
2022,Terre-Neuve-et-Labrador,18 à 34 ans,Femmes,10,44.1
2022,Terre-Neuve-et-Labrador,35 à 49 ans,Les deux sexes,10,51.5
2022,Terre-Neuve-et-Labrador,35 à 49 ans,Hommes,10,57.7
2022,Terre-Neuve-et-Labrador,35 à 49 ans,Femmes,10,46.1
2022,Terre-Neuve-et-Labrador,50 à 64 ans,Les deux sexes,10,61.2
2022,Terre-Neuve-et-Labrador,50 à 64 ans,Hommes,10,61.3
2022,Terre-Neuve-et-Labrador,50 à 64 ans,Femmes,10,61.0
2022,Terre-Neuve-et-Labrador,65 ans et plus,Les deux sexes,10,59.5
2022,Terre-Neuve-et-Labrador,65 ans et plus,Hommes,10,59.3
2022,Terre-Neuve-et-Labrador,65 ans et plus,Femmes,10,59.6
2022,Île-du-Prince-Édouard,"Total, 18 ans et plus",Les deux sexes,11,54.4
2022,Île-du-Prince-Édouard,"Total, 18 ans et plus",Hommes,11,54.1
2022,Île-du-Prince-Édouard,"Total, 18 ans et plus",Femmes,11,54.7
2022,Île-du-Prince-Édouard,18 à 34 ans,Les deux sexes,11,
2022,Île-du-Prince-Édouard,18 à 34 ans,Hommes,11,
2022,Île-du-Prince-Édouard,18 à 34 ans,Femmes,11,
2022,Île-du-Prince-Édouard,35 à 49 ans,Les deux sexes,11,55.9
2022,Île-du-Prince-Édouard,35 à 49 ans,Hommes,11,
2022,Île-du-Prince-Édouard,35 à 49 ans,Femmes,11,
2022,Île-du-Prince-Édouard,50 à 64 ans,Les deux sexes,11,60.5
2022,Île-du-Prince-Édouard,50 à 64 ans,Hommes,11,
2022,Île-du-Prince-Édouard,50 à 64 ans,Femmes,11,51.5
2022,Île-du-Prince-Édouard,65 ans et plus,Les deux sexes,11,59.6
2022,Île-du-Prince-Édouard,65 ans et plus,Hommes,11,62.1
2022,Île-du-Prince-Édouard,65 ans et plus,Femmes,11,57.6
2022,Nouvelle-Écosse,"Total, 18 ans et plus",Les deux sexes,12,49.1
2022,Nouvelle-Écosse,"Total, 18 ans et plus",Hommes,12,55.1
2022,Nouvelle-Écosse,"Total, 18 ans et plus",Femmes,12,43.6
2022,Nouvelle-Écosse,18 à 34 ans,Les deux sexes,12,43.7
2022,Nouvelle-Écosse,18 à 34 ans,Hommes,12,49.8
2022,Nouvelle-Écosse,18 à 34 ans,Femmes,12,37.8
2022,Nouvelle-Écosse,35 à 49 ans,Les deux sexes,12,46.5
2022,Nouvelle-Écosse,35 à 49 ans,Hommes,12,57.0
2022,Nouvelle-Écosse,35 à 49 ans,Femmes,12,36.5
2022,Nouvelle-Écosse,50 à 64 ans,Les deux sexes,12,50.1
2022,Nouvelle-Écosse,50 à 64 ans,Hommes,12,54.7
2022,Nouvelle-Écosse,50 à 64 ans,Femmes,12,45.7
2022,Nouvelle-Écosse,65 ans et plus,Les deux sexes,12,55.7
2022,Nouvelle-Écosse,65 ans et plus,Hommes,12,59.0
2022,Nouvelle-Écosse,65 ans et plus,Femmes,12,52.8
2022,Nouveau-Brunswick,"Total, 18 ans et plus",Les deux sexes,13,51.4
2022,Nouveau-Brunswick,"Total, 18 ans et plus",Hommes,13,54.4
2022,Nouveau-Brunswick,"Total, 18 ans et plus",Femmes,13,48.6
2022,Nouveau-Brunswick,18 à 34 ans,Les deux sexes,13,46.8
2022,Nouveau-Brunswick,18 à 34 ans,Hommes,13,54.6
2022,Nouveau-Brunswick,18 à 34 ans,Femmes,13,38.4
2022,Nouveau-Brunswick,35 à 49 ans,Les deux sexes,13,52.1
2022,Nouveau-Brunswick,35 à 49 ans,Hommes,13,60.5
2022,Nouveau-Brunswick,35 à 49 ans,Femmes,13,44.5
2022,Nouveau-Brunswick,50 à 64 ans,Les deux sexes,13,51.9
2022,Nouveau-Brunswick,50 à 64 ans,Hommes,13,50.2
2022,Nouveau-Brunswick,50 à 64 ans,Femmes,13,53.6
2022,Nouveau-Brunswick,65 ans et plus,Les deux sexes,13,54.3
2022,Nouveau-Brunswick,65 ans et plus,Hommes,13,53.8
2022,Nouveau-Brunswick,65 ans et plus,Femmes,13,54.7
2022,Québec,"Total, 18 ans et plus",Les deux sexes,24,64.5
2022,Québec,"Total, 18 ans et plus",Hommes,24,68.2
2022,Québec,"Total, 18 ans et plus",Femmes,24,60.9
2022,Québec,18 à 34 ans,Les deux sexes,24,56.6
2022,Québec,18 à 34 ans,Hommes,24,62.5
2022,Québec,18 à 34 ans,Femmes,24,50.3
2022,Québec,35 à 49 ans,Les deux sexes,24,62.3
2022,Québec,35 à 49 ans,Hommes,24,67.2
2022,Québec,35 à 49 ans,Femmes,24,57.4
2022,Québec,50 à 64 ans,Les deux sexes,24,67.4
2022,Québec,50 à 64 ans,Hommes,24,68.3
2022,Québec,50 à 64 ans,Femmes,24,66.4
2022,Québec,65 ans et plus,Les deux sexes,24,71.8
2022,Québec,65 ans et plus,Hommes,24,75.3
2022,Québec,65 ans et plus,Femmes,24,68.7
2022,Ontario,"Total, 18 ans et plus",Les deux sexes,35,52.2
2022,Ontario,"Total, 18 ans et plus",Hommes,35,55.9
2022,Ontario,"Total, 18 ans et plus",Femmes,35,48.7
2022,Ontario,18 à 34 ans,Les deux sexes,35,44.1
2022,Ontario,18 à 34 ans,Hommes,35,46.8
2022,Ontario,18 à 34 ans,Femmes,35,41.2
2022,Ontario,35 à 49 ans,Les deux sexes,35,51.9
2022,Ontario,35 à 49 ans,Hommes,35,57.1
2022,Ontario,35 à 49 ans,Femmes,35,47.0
2022,Ontario,50 à 64 ans,Les deux sexes,35,56.1
2022,Ontario,50 à 64 ans,Hommes,35,61.0
2022,Ontario,50 à 64 ans,Femmes,35,51.4
2022,Ontario,65 ans et plus,Les deux sexes,35,58.8
2022,Ontario,65 ans et plus,Hommes,35,61.6
2022,Ontario,65 ans et plus,Femmes,35,56.5
2022,Manitoba,"Total, 18 ans et plus",Les deux sexes,46,51.7
2022,Manitoba,"Total, 18 ans et plus",Hommes,46,55.9
2022,Manitoba,"Total, 18 ans et plus",Femmes,46,47.7
2022,Manitoba,18 à 34 ans,Les deux sexes,46,48.0
2022,Manitoba,18 à 34 ans,Hommes,46,51.0
2022,Manitoba,18 à 34 ans,Femmes,46,44.9
2022,Manitoba,35 à 49 ans,Les deux sexes,46,48.8
2022,Manitoba,35 à 49 ans,Hommes,46,54.2
2022,Manitoba,35 à 49 ans,Femmes,46,43.4
2022,Manitoba,50 à 64 ans,Les deux sexes,46,55.3
2022,Manitoba,50 à 64 ans,Hommes,46,60.9
2022,Manitoba,50 à 64 ans,Femmes,46,49.9
2022,Manitoba,65 ans et plus,Les deux sexes,46,56.8
2022,Manitoba,65 ans et plus,Hommes,46,60.0
2022,Manitoba,65 ans et plus,Femmes,46,53.9
2022,Saskatchewan,"Total, 18 ans et plus",Les deux sexes,47,49.2
2022,Saskatchewan,"Total, 18 ans et plus",Hommes,47,54.8
2022,Saskatchewan,"Total, 18 ans et plus",Femmes,47,43.8
2022,Saskatchewan,18 à 34 ans,Les deux sexes,47,40.7
2022,Saskatchewan,18 à 34 ans,Hommes,47,46.2
2022,Saskatchewan,18 à 34 ans,Femmes,47,35.0
2022,Saskatchewan,35 à 49 ans,Les deux sexes,47,48.2
2022,Saskatchewan,35 à 49 ans,Hommes,47,56.6
2022,Saskatchewan,35 à 49 ans,Femmes,47,39.7
2022,Saskatchewan,50 à 64 ans,Les deux sexes,47,57.0
2022,Saskatchewan,50 à 64 ans,Hommes,47,57.4
2022,Saskatchewan,50 à 64 ans,Femmes,47,56.6
2022,Saskatchewan,65 ans et plus,Les deux sexes,47,53.1
2022,Saskatchewan,65 ans et plus,Hommes,47,61.0
2022,Saskatchewan,65 ans et plus,Femmes,47,45.9
2022,Alberta,"Total, 18 ans et plus",Les deux sexes,48,53.3
2022,Alberta,"Total, 18 ans et plus",Hommes,48,57.7
2022,Alberta,"Total, 18 ans et plus",Femmes,48,49.0
2022,Alberta,18 à 34 ans,Les deux sexes,48,49.4
2022,Alberta,18 à 34 ans,Hommes,48,57.2
2022,Alberta,18 à 34 ans,Femmes,48,41.4
2022,Alberta,35 à 49 ans,Les deux sexes,48,49.7
2022,Alberta,35 à 49 ans,Hommes,48,53.1
2022,Alberta,35 à 49 ans,Femmes,48,46.2
2022,Alberta,50 à 64 ans,Les deux sexes,48,57.5
2022,Alberta,50 à 64 ans,Hommes,48,61.5
2022,Alberta,50 à 64 ans,Femmes,48,53.5
2022,Alberta,65 ans et plus,Les deux sexes,48,59.9
2022,Alberta,65 ans et plus,Hommes,48,61.3
2022,Alberta,65 ans et plus,Femmes,48,58.7
2022,Colombie-Britannique,"Total, 18 ans et plus",Les deux sexes,59,50.6
2022,Colombie-Britannique,"Total, 18 ans et plus",Hommes,59,55.3
2022,Colombie-Britannique,"Total, 18 ans et plus",Femmes,59,46.1
2022,Colombie-Britannique,18 à 34 ans,Les deux sexes,59,45.7
2022,Colombie-Britannique,18 à 34 ans,Hommes,59,54.0
2022,Colombie-Britannique,18 à 34 ans,Femmes,59,37.1
2022,Colombie-Britannique,35 à 49 ans,Les deux sexes,59,46.7
2022,Colombie-Britannique,35 à 49 ans,Hommes,59,51.7
2022,Colombie-Britannique,35 à 49 ans,Femmes,59,41.8
2022,Colombie-Britannique,50 à 64 ans,Les deux sexes,59,54.7
2022,Colombie-Britannique,50 à 64 ans,Hommes,59,59.0
2022,Colombie-Britannique,50 à 64 ans,Femmes,59,50.8
2022,Colombie-Britannique,65 ans et plus,Les deux sexes,59,55.9
2022,Colombie-Britannique,65 ans et plus,Hommes,59,57.0
2022,Colombie-Britannique,65 ans et plus,Femmes,59,55.0
2023,Canada,"Total, 18 ans et plus",Hommes,,57.7
2023,Canada,"Total, 18 ans et plus",Femmes,,49.9
2023,Canada,18 à 34 ans,Les deux sexes,,46.4
2023,Canada,18 à 34 ans,Hommes,,52.2
2023,Canada,18 à 34 ans,Femmes,,40.2
2023,Canada,35 à 49 ans,Les deux sexes,,50.6
2023,Canada,35 à 49 ans,Hommes,,56.0
2023,Canada,35 à 49 ans,Femmes,,45.5
2023,Canada,50 à 64 ans,Les deux sexes,,57.4
2023,Canada,50 à 64 ans,Hommes,,60.7
2023,Canada,50 à 64 ans,Femmes,,54.3
2023,Canada,65 ans et plus,Les deux sexes,,62.2
2023,Canada,65 ans et plus,Hommes,,63.8
2023,Canada,65 ans et plus,Femmes,,60.8
2023,Terre-Neuve-et-Labrador,"Total, 18 ans et plus",Les deux sexes,10,53.3
2023,Terre-Neuve-et-Labrador,"Total, 18 ans et plus",Hommes,10,55.9
2023,Terre-Neuve-et-Labrador,"Total, 18 ans et plus",Femmes,10,50.8
2023,Terre-Neuve-et-Labrador,18 à 34 ans,Les deux sexes,10,41.5
2023,Terre-Neuve-et-Labrador,18 à 34 ans,Hommes,10,45.2
2023,Terre-Neuve-et-Labrador,18 à 34 ans,Femmes,10,37.5
2023,Terre-Neuve-et-Labrador,35 à 49 ans,Les deux sexes,10,50.5
2023,Terre-Neuve-et-Labrador,35 à 49 ans,Hommes,10,53.8
2023,Terre-Neuve-et-Labrador,35 à 49 ans,Femmes,10,47.5
2023,Terre-Neuve-et-Labrador,50 à 64 ans,Les deux sexes,10,52.5
2023,Terre-Neuve-et-Labrador,50 à 64 ans,Hommes,10,54.1
2023,Terre-Neuve-et-Labrador,50 à 64 ans,Femmes,10,51.1
2023,Terre-Neuve-et-Labrador,65 ans et plus,Les deux sexes,10,65.6
2023,Terre-Neuve-et-Labrador,65 ans et plus,Hommes,10,68.6
2023,Terre-Neuve-et-Labrador,65 ans et plus,Femmes,10,62.9
2023,Île-du-Prince-Édouard,"Total, 18 ans et plus",Les deux sexes,11,45.2
2023,Île-du-Prince-Édouard,"Total, 18 ans et plus",Hommes,11,43.9
2023,Île-du-Prince-Édouard,"Total, 18 ans et plus",Femmes,11,46.5
2023,Île-du-Prince-Édouard,18 à 34 ans,Les deux sexes,11,35.8
2023,Île-du-Prince-Édouard,18 à 34 ans,Hommes,11,
2023,Île-du-Prince-Édouard,18 à 34 ans,Femmes,11,
2023,Île-du-Prince-Édouard,35 à 49 ans,Les deux sexes,11,40.4
2023,Île-du-Prince-Édouard,35 à 49 ans,Hommes,11,
2023,Île-du-Prince-Édouard,35 à 49 ans,Femmes,11,
2023,Île-du-Prince-Édouard,50 à 64 ans,Les deux sexes,11,40.8
2023,Île-du-Prince-Édouard,50 à 64 ans,Hommes,11,35.9
2023,Île-du-Prince-Édouard,50 à 64 ans,Femmes,11,45.4
2023,Île-du-Prince-Édouard,65 ans et plus,Les deux sexes,11,65.0
2023,Île-du-Prince-Édouard,65 ans et plus,Hommes,11,63.6
2023,Île-du-Prince-Édouard,65 ans et plus,Femmes,11,66.2
2023,Nouvelle-Écosse,"Total, 18 ans et plus",Les deux sexes,12,47.6
2023,Nouvelle-Écosse,"Total, 18 ans et plus",Hommes,12,50.7
2023,Nouvelle-Écosse,"Total, 18 ans et plus",Femmes,12,44.7
2023,Nouvelle-Écosse,18 à 34 ans,Les deux sexes,12,36.0
2023,Nouvelle-Écosse,18 à 34 ans,Hommes,12,41.5
2023,Nouvelle-Écosse,18 à 34 ans,Femmes,12,30.3
2023,Nouvelle-Écosse,35 à 49 ans,Les deux sexes,12,45.8
2023,Nouvelle-Écosse,35 à 49 ans,Hommes,12,50.7
2023,Nouvelle-Écosse,35 à 49 ans,Femmes,12,41.3
2023,Nouvelle-Écosse,50 à 64 ans,Les deux sexes,12,51.2
2023,Nouvelle-Écosse,50 à 64 ans,Hommes,12,53.2
2023,Nouvelle-Écosse,50 à 64 ans,Femmes,12,49.5
2023,Nouvelle-Écosse,65 ans et plus,Les deux sexes,12,56.8
2023,Nouvelle-Écosse,65 ans et plus,Hommes,12,58.2
2023,Nouvelle-Écosse,65 ans et plus,Femmes,12,55.7
2023,Nouveau-Brunswick,"Total, 18 ans et plus",Les deux sexes,13,47.6
2023,Nouveau-Brunswick,"Total, 18 ans et plus",Hommes,13,49.9
2023,Nouveau-Brunswick,"Total, 18 ans et plus",Femmes,13,45.4
2023,Nouveau-Brunswick,18 à 34 ans,Les deux sexes,13,31.1
2023,Nouveau-Brunswick,18 à 34 ans,Hommes,13,36.8
2023,Nouveau-Brunswick,18 à 34 ans,Femmes,13,25.0
2023,Nouveau-Brunswick,35 à 49 ans,Les deux sexes,13,51.8
2023,Nouveau-Brunswick,35 à 49 ans,Hommes,13,52.5
2023,Nouveau-Brunswick,35 à 49 ans,Femmes,13,51.2
2023,Nouveau-Brunswick,50 à 64 ans,Les deux sexes,13,50.8
2023,Nouveau-Brunswick,50 à 64 ans,Hommes,13,52.4
2023,Nouveau-Brunswick,50 à 64 ans,Femmes,13,49.3
2023,Nouveau-Brunswick,65 ans et plus,Les deux sexes,13,54.5
2023,Nouveau-Brunswick,65 ans et plus,Hommes,13,57.1
2023,Nouveau-Brunswick,65 ans et plus,Femmes,13,52.2
2023,Québec,"Total, 18 ans et plus",Les deux sexes,24,64.5
2023,Québec,"Total, 18 ans et plus",Hommes,24,68.8
2023,Québec,"Total, 18 ans et plus",Femmes,24,60.4
2023,Québec,18 à 34 ans,Les deux sexes,24,54.4
2023,Québec,18 à 34 ans,Hommes,24,60.6
2023,Québec,18 à 34 ans,Femmes,24,48.0
2023,Québec,35 à 49 ans,Les deux sexes,24,60.4
2023,Québec,35 à 49 ans,Hommes,24,63.0
2023,Québec,35 à 49 ans,Femmes,24,57.9
2023,Québec,50 à 64 ans,Les deux sexes,24,67.7
2023,Québec,50 à 64 ans,Hommes,24,73.8
2023,Québec,50 à 64 ans,Femmes,24,61.8
2023,Québec,65 ans et plus,Les deux sexes,24,75.2
2023,Québec,65 ans et plus,Hommes,24,78.1
2023,Québec,65 ans et plus,Femmes,24,72.6
2023,Ontario,"Total, 18 ans et plus",Les deux sexes,35,50.9
2023,Ontario,"Total, 18 ans et plus",Hommes,35,54.7
2023,Ontario,"Total, 18 ans et plus",Femmes,35,47.2
2023,Ontario,18 à 34 ans,Les deux sexes,35,45.2
2023,Ontario,18 à 34 ans,Hommes,35,50.5
2023,Ontario,18 à 34 ans,Femmes,35,39.6
2023,Ontario,35 à 49 ans,Les deux sexes,35,47.8
2023,Ontario,35 à 49 ans,Hommes,35,53.9
2023,Ontario,35 à 49 ans,Femmes,35,41.8
2023,Ontario,50 à 64 ans,Les deux sexes,35,55.2
2023,Ontario,50 à 64 ans,Hommes,35,58.3
2023,Ontario,50 à 64 ans,Femmes,35,52.2
2023,Ontario,65 ans et plus,Les deux sexes,35,57.2
2023,Ontario,65 ans et plus,Hommes,35,57.9
2023,Ontario,65 ans et plus,Femmes,35,56.6
2023,Manitoba,"Total, 18 ans et plus",Les deux sexes,46,52.9
2023,Manitoba,"Total, 18 ans et plus",Hommes,46,57.6
2023,Manitoba,"Total, 18 ans et plus",Femmes,46,48.3
2023,Manitoba,18 à 34 ans,Les deux sexes,46,46.0
2023,Manitoba,18 à 34 ans,Hommes,46,51.7
2023,Manitoba,18 à 34 ans,Femmes,46,40.0
2023,Manitoba,35 à 49 ans,Les deux sexes,46,49.8
2023,Manitoba,35 à 49 ans,Hommes,46,59.5
2023,Manitoba,35 à 49 ans,Femmes,46,40.2
2023,Manitoba,50 à 64 ans,Les deux sexes,46,61.8
2023,Manitoba,50 à 64 ans,Hommes,46,65.5
2023,Manitoba,50 à 64 ans,Femmes,46,58.4
2023,Manitoba,65 ans et plus,Les deux sexes,46,56.9
2023,Manitoba,65 ans et plus,Hommes,46,55.7
2023,Manitoba,65 ans et plus,Femmes,46,57.9
2023,Saskatchewan,"Total, 18 ans et plus",Les deux sexes,47,50.3
2023,Saskatchewan,"Total, 18 ans et plus",Hommes,47,55.7
2023,Saskatchewan,"Total, 18 ans et plus",Femmes,47,44.8
2023,Saskatchewan,18 à 34 ans,Les deux sexes,47,46.8
2023,Saskatchewan,18 à 34 ans,Hommes,47,54.4
2023,Saskatchewan,18 à 34 ans,Femmes,47,38.8
2023,Saskatchewan,35 à 49 ans,Les deux sexes,47,50.3
2023,Saskatchewan,35 à 49 ans,Hommes,47,58.4
2023,Saskatchewan,35 à 49 ans,Femmes,47,41.9
2023,Saskatchewan,50 à 64 ans,Les deux sexes,47,50.9
2023,Saskatchewan,50 à 64 ans,Hommes,47,56.0
2023,Saskatchewan,50 à 64 ans,Femmes,47,45.6
2023,Saskatchewan,65 ans et plus,Les deux sexes,47,53.9
2023,Saskatchewan,65 ans et plus,Hommes,47,53.6
2023,Saskatchewan,65 ans et plus,Femmes,47,54.2
2023,Alberta,"Total, 18 ans et plus",Les deux sexes,48,52.5
2023,Alberta,"Total, 18 ans et plus",Hommes,48,57.9
2023,Alberta,"Total, 18 ans et plus",Femmes,48,47.2
2023,Alberta,18 à 34 ans,Les deux sexes,48,46.3
2023,Alberta,18 à 34 ans,Hommes,48,54.8
2023,Alberta,18 à 34 ans,Femmes,48,37.6
2023,Alberta,35 à 49 ans,Les deux sexes,48,51.8
2023,Alberta,35 à 49 ans,Hommes,48,57.8
2023,Alberta,35 à 49 ans,Femmes,48,45.8
2023,Alberta,50 à 64 ans,Les deux sexes,48,55.3
2023,Alberta,50 à 64 ans,Hommes,48,59.4
2023,Alberta,50 à 64 ans,Femmes,48,51.3
2023,Alberta,65 ans et plus,Les deux sexes,48,59.8
2023,Alberta,65 ans et plus,Hommes,48,61.4
2023,Alberta,65 ans et plus,Femmes,48,58.5
2023,Colombie-Britannique,"Total, 18 ans et plus",Les deux sexes,59,49.1
2023,Colombie-Britannique,"Total, 18 ans et plus",Hommes,59,51.8
2023,Colombie-Britannique,"Total, 18 ans et plus",Femmes,59,46.5
2023,Colombie-Britannique,18 à 34 ans,Les deux sexes,59,43.1
2023,Colombie-Britannique,18 à 34 ans,Hommes,59,48.3
2023,Colombie-Britannique,18 à 34 ans,Femmes,59,37.4
2023,Colombie-Britannique,35 à 49 ans,Les deux sexes,59,43.0
2023,Colombie-Britannique,35 à 49 ans,Hommes,59,48.5
2023,Colombie-Britannique,35 à 49 ans,Femmes,59,38.0
2023,Colombie-Britannique,50 à 64 ans,Les deux sexes,59,52.2
2023,Colombie-Britannique,50 à 64 ans,Hommes,59,50.7
2023,Colombie-Britannique,50 à 64 ans,Femmes,59,53.6
2023,Colombie-Britannique,65 ans et plus,Les deux sexes,59,59.2
2023,Colombie-Britannique,65 ans et plus,Hommes,59,60.9
2023,Colombie-Britannique,65 ans et plus,Femmes,59,57.6
